{"options":{},"indexes":[{"v":{"$numberInt":"2"},"key":{"_id":{"$numberInt":"1"}},"name":"_id_","ns":"rw_uat_rr_dlr_1.INVENTORY_VIEW"},{"v":{"$numberInt":"2"},"key":{"INVENTORY_IDENTIFIER":{"$numberInt":"-1"}},"name":"INVENTORY_IDENTIFIER","ns":"rw_uat_rr_dlr_1.INVENTORY_VIEW","background":true},{"v":{"$numberInt":"2"},"key":{"ITEM_ID":{"$numberInt":"-1"}},"name":"ITEM_ID","ns":"rw_uat_rr_dlr_1.INVENTORY_VIEW","background":true},{"v":{"$numberInt":"2"},"key":{"ITEM_CATEGORY_ID":{"$numberInt":"-1"}},"name":"ITEM_CATEGORY_ID","ns":"rw_uat_rr_dlr_1.INVENTORY_VIEW","background":true},{"v":{"$numberInt":"2"},"key":{"PRIMARY_UOM_ID":{"$numberInt":"-1"}},"name":"PRIMARY_UOM_ID","ns":"rw_uat_rr_dlr_1.INVENTORY_VIEW","background":true},{"v":{"$numberInt":"2"},"key":{"SECONDARY_UOM":{"$numberInt":"-1"}},"name":"SECONDARY_UOM","ns":"rw_uat_rr_dlr_1.INVENTORY_VIEW","background":true},{"v":{"$numberInt":"2"},"key":{"SECONDARY_UOM.SECONDARY_UOM_ID":{"$numberInt":"-1"}},"name":"SECONDARY_UOM.SECONDARY_UOM_ID","ns":"rw_uat_rr_dlr_1.INVENTORY_VIEW","background":true},{"v":{"$numberInt":"2"},"key":{"ORGANIZATION_ID":{"$numberInt":"-1"}},"name":"ORGANIZATION_ID","ns":"rw_uat_rr_dlr_1.INVENTORY_VIEW","background":true},{"v":{"$numberInt":"2"},"key":{"ORGANIZATION_CODE":{"$numberInt":"-1"}},"name":"ORGANIZATION_CODE","ns":"rw_uat_rr_dlr_1.INVENTORY_VIEW","background":true},{"v":{"$numberInt":"2"},"key":{"ASM_CODE":{"$numberInt":"-1"}},"name":"ASM_CODE","ns":"rw_uat_rr_dlr_1.INVENTORY_VIEW","background":true},{"v":{"$numberInt":"2"},"key":{"RSM_CODE":{"$numberInt":"-1"}},"name":"RSM_CODE","ns":"rw_uat_rr_dlr_1.INVENTORY_VIEW","background":true},{"v":{"$numberInt":"2"},"key":{"SALES_OFFICE_CODE":{"$numberInt":"-1"}},"name":"SALES_OFFICE_CODE","ns":"rw_uat_rr_dlr_1.INVENTORY_VIEW","background":true},{"v":{"$numberInt":"2"},"key":{"ZONAL_CODE":{"$numberInt":"-1"}},"name":"ZONAL_CODE","ns":"rw_uat_rr_dlr_1.INVENTORY_VIEW","background":true},{"v":{"$numberInt":"2"},"key":{"DATE":{"$numberInt":"-1"}},"name":"DATE","ns":"rw_uat_rr_dlr_1.INVENTORY_VIEW","background":true},{"v":{"$numberInt":"2"},"key":{"ITEM_CODE":{"$numberInt":"-1"}},"name":"ITEM_CODE","ns":"rw_uat_rr_dlr_1.INVENTORY_VIEW","background":true},{"v":{"$numberInt":"2"},"key":{"INVENTORY_VIEW_LINES":{"$numberInt":"-1"}},"name":"INVENTORY_VIEW_LINES","ns":"rw_uat_rr_dlr_1.INVENTORY_VIEW","background":true},{"v":{"$numberInt":"2"},"key":{"INVENTORY_VIEW_LINES.SALE_OFFICE_CODE":{"$numberInt":"-1"}},"name":"INVENTORY_VIEW_LINES.SALE_OFFICE_CODE","ns":"rw_uat_rr_dlr_1.INVENTORY_VIEW","background":true},{"v":{"$numberInt":"2"},"key":{"INVENTORY_VIEW_LINES.ZONAL_CODE":{"$numberInt":"-1"}},"name":"INVENTORY_VIEW_LINES.ZONAL_CODE","ns":"rw_uat_rr_dlr_1.INVENTORY_VIEW","background":true},{"v":{"$numberInt":"2"},"key":{"INVENTORY_VIEW_LINES.RSM_CODE":{"$numberInt":"-1"}},"name":"INVENTORY_VIEW_LINES.RSM_CODE","ns":"rw_uat_rr_dlr_1.INVENTORY_VIEW","background":true},{"v":{"$numberInt":"2"},"key":{"INVENTORY_VIEW_LINES.ASM_CODE":{"$numberInt":"-1"}},"name":"INVENTORY_VIEW_LINES.ASM_CODE","ns":"rw_uat_rr_dlr_1.INVENTORY_VIEW","background":true},{"v":{"$numberInt":"2"},"key":{"INVENTORY_VIEW_LINES.RECORD_VIEW":{"$numberInt":"-1"}},"name":"INVENTORY_VIEW_LINES.RECORD_VIEW","ns":"rw_uat_rr_dlr_1.INVENTORY_VIEW","background":true},{"v":{"$numberInt":"2"},"key":{"INVENTORY_VIEW_LINES.PARTY_SALE_TYPE":{"$numberInt":"-1"}},"name":"INVENTORY_VIEW_LINES.PARTY_SALE_TYPE","ns":"rw_uat_rr_dlr_1.INVENTORY_VIEW","background":true},{"v":{"$numberInt":"2"},"key":{"INVENTORY_VIEW_LINES.ITEM_ID":{"$numberInt":"-1"}},"name":"INVENTORY_VIEW_LINES.ITEM_ID","ns":"rw_uat_rr_dlr_1.INVENTORY_VIEW","background":true},{"v":{"$numberInt":"2"},"key":{"INVENTORY_VIEW_LINES.UOM_ID":{"$numberInt":"-1"}},"name":"INVENTORY_VIEW_LINES.UOM_ID","ns":"rw_uat_rr_dlr_1.INVENTORY_VIEW","background":true}],"uuid":"e3c528446d274de2b657d710ac63916a"}