{"options":{},"indexes":[{"v":{"$numberInt":"2"},"key":{"_id":{"$numberInt":"1"}},"name":"_id_","ns":"rw_uat_rr_dlr_1.ITEM_MASTER"},{"v":{"$numberInt":"2"},"key":{"ITEM_ID":{"$numberInt":"-1"}},"name":"ITEM_ID","ns":"rw_uat_rr_dlr_1.ITEM_MASTER","background":true},{"v":{"$numberInt":"2"},"key":{"PRIMARY_UOM_ID":{"$numberInt":"-1"}},"name":"PRIMARY_UOM_ID","ns":"rw_uat_rr_dlr_1.ITEM_MASTER","background":true},{"v":{"$numberInt":"2"},"key":{"PRODUCT_IMAGES":{"$numberInt":"-1"}},"name":"PRODUCT_IMAGES","ns":"rw_uat_rr_dlr_1.ITEM_MASTER","background":true},{"v":{"$numberInt":"2"},"key":{"PRODUCT_IMAGES. PRODUCT_IMAGE_ID":{"$numberInt":"-1"}},"name":"PRODUCT_IMAGES. PRODUCT_IMAGE_ID","ns":"rw_uat_rr_dlr_1.ITEM_MASTER","background":true},{"v":{"$numberInt":"2"},"key":{"ALL_UOMS":{"$numberInt":"-1"}},"name":"ALL_UOMS","ns":"rw_uat_rr_dlr_1.ITEM_MASTER","background":true},{"v":{"$numberInt":"2"},"key":{"ALL_UOMS.UOM_ID":{"$numberInt":"-1"}},"name":"ALL_UOMS. UOM_ID","ns":"rw_uat_rr_dlr_1.ITEM_MASTER","background":true},{"v":{"$numberInt":"2"},"key":{"STATUS":{"$numberInt":"-1"}},"name":"STATUS","ns":"rw_uat_rr_dlr_1.ITEM_MASTER","background":true},{"v":{"$numberInt":"2"},"key":{"ORGANIZATION_ID":{"$numberInt":"-1"}},"name":"ORGANIZATION_ID","ns":"rw_uat_rr_dlr_1.ITEM_MASTER","background":true},{"v":{"$numberInt":"2"},"key":{"ORGANIZATION_CODE":{"$numberInt":"-1"}},"name":"ORGANIZATION_CODE","ns":"rw_uat_rr_dlr_1.ITEM_MASTER","background":true},{"v":{"$numberInt":"2"},"key":{"SECONDARY_UOM":{"$numberInt":"-1"}},"name":"SECONDARY_UOM","ns":"rw_uat_rr_dlr_1.ITEM_MASTER","background":true},{"v":{"$numberInt":"2"},"key":{"SECONDARY_UOM.SECONDARY_UOM_ID":{"$numberInt":"-1"}},"name":"SECONDARY_UOM.SECONDARY_UOM_ID","ns":"rw_uat_rr_dlr_1.ITEM_MASTER","background":true},{"v":{"$numberInt":"2"},"key":{"ITEM_CODE":{"$numberInt":"-1"}},"name":"ITEM_CODE","ns":"rw_uat_rr_dlr_1.ITEM_MASTER","background":true}],"uuid":"2c9b065c32cb4b918fad84f8d238d512"}