{"options":{},"indexes":[{"v":{"$numberInt":"2"},"key":{"_id":{"$numberInt":"1"}},"name":"_id_","ns":"rw_uat_rr_dlr_1.PARTY_MASTER"},{"v":{"$numberInt":"2"},"key":{"PARTY_TYPE":{"$numberInt":"-1"}},"name":"PARTY_TYPE","ns":"rw_uat_rr_dlr_1.PARTY_MASTER","background":true},{"v":{"$numberInt":"2"},"key":{"PARTY_SALE_TYPE":{"$numberInt":"-1"}},"name":" PARTY_SALE_TYPE","ns":"rw_uat_rr_dlr_1.PARTY_MASTER","background":true},{"v":{"$numberInt":"2"},"key":{"PARTY_ID":{"$numberInt":"-1"}},"name":"PARTY_ID","ns":"rw_uat_rr_dlr_1.PARTY_MASTER","background":true},{"v":{"$numberInt":"2"},"key":{"BRANCH_CODE":{"$numberInt":"-1"}},"name":"BRANCH_CODE","ns":"rw_uat_rr_dlr_1.PARTY_MASTER","background":true},{"v":{"$numberInt":"2"},"key":{"ORGANIZATION_ID":{"$numberInt":"-1"}},"name":"ORGANIZATION_ID","ns":"rw_uat_rr_dlr_1.PARTY_MASTER","background":true},{"v":{"$numberInt":"2"},"key":{"SALES_OFFICE_CODE":{"$numberInt":"-1"}},"name":"SALES_OFFICE_CODE","ns":"rw_uat_rr_dlr_1.PARTY_MASTER","background":true},{"v":{"$numberInt":"2"},"key":{"STATUS":{"$numberInt":"-1"}},"name":"STATUS","ns":"rw_uat_rr_dlr_1.PARTY_MASTER","background":true},{"v":{"$numberInt":"2"},"key":{"ACTIVE_STATUS":{"$numberInt":"-1"}},"name":"ACTIVE_STATUS","ns":"rw_uat_rr_dlr_1.PARTY_MASTER","background":true},{"v":{"$numberInt":"2"},"key":{"PARENT_ORGANISATION_CODE":{"$numberInt":"-1"}},"name":"PARENT_ORGANISATION_CODE","ns":"rw_uat_rr_dlr_1.PARTY_MASTER","background":true},{"v":{"$numberInt":"2"},"key":{"PARENT_ORGANISATION_ID":{"$numberInt":"-1"}},"name":"PARENT_ORGANISATION_ID","ns":"rw_uat_rr_dlr_1.PARTY_MASTER","background":true},{"v":{"$numberInt":"2"},"key":{"DEALER_CODE":{"$numberInt":"-1"}},"name":"DEALER_CODE","ns":"rw_uat_rr_dlr_1.PARTY_MASTER","background":true},{"v":{"$numberInt":"2"},"key":{"DESIGNATION":{"$numberInt":"-1"}},"name":"DESIGNATION","ns":"rw_uat_rr_dlr_1.PARTY_MASTER","background":true},{"v":{"$numberInt":"2"},"key":{"DESIGNATION.DESG_ID":{"$numberInt":"-1"}},"name":"DESIGNATION.DESG_ID","ns":"rw_uat_rr_dlr_1.PARTY_MASTER","background":true},{"v":{"$numberInt":"2"},"key":{"AREA_ID":{"$numberInt":"-1"}},"name":"AREA_ID","ns":"rw_uat_rr_dlr_1.PARTY_MASTER","background":true},{"v":{"$numberInt":"2"},"key":{"DISTRICT_ID":{"$numberInt":"-1"}},"name":"DISTRICT_ID","ns":"rw_uat_rr_dlr_1.PARTY_MASTER","background":true},{"v":{"$numberInt":"2"},"key":{"STATE_ID":{"$numberInt":"-1"}},"name":"STATE_ID","ns":"rw_uat_rr_dlr_1.PARTY_MASTER","background":true}],"uuid":"d42aa62f59e046d084fbc2e957c1821d"}