{"options":{},"indexes":[{"v":{"$numberInt":"2"},"key":{"_id":{"$numberInt":"1"}},"name":"_id_","ns":"rw_uat_rr_dlr_1.RW_ADD_TO_INVENTORY_LINES_DEALER"},{"v":{"$numberInt":"2"},"key":{"INVENTORY_LINES_ID":{"$numberInt":"-1"}},"name":"INVENTORY_LINES_ID","ns":"rw_uat_rr_dlr_1.RW_ADD_TO_INVENTORY_LINES_DEALER","background":true},{"v":{"$numberInt":"2"},"key":{"ITEM_ID":{"$numberInt":"-1"}},"name":"ITEM_ID","ns":"rw_uat_rr_dlr_1.RW_ADD_TO_INVENTORY_LINES_DEALER","background":true},{"v":{"$numberInt":"2"},"key":{"ITEM_CODE":{"$numberInt":"-1"}},"name":"ITEM_CODE","ns":"rw_uat_rr_dlr_1.RW_ADD_TO_INVENTORY_LINES_DEALER","background":true},{"v":{"$numberInt":"2"},"key":{"ORGANIZATION_ID":{"$numberInt":"-1"}},"name":"ORGANIZATION_ID","ns":"rw_uat_rr_dlr_1.RW_ADD_TO_INVENTORY_LINES_DEALER","background":true},{"v":{"$numberInt":"2"},"key":{"PARENT_ORGANISATION_ID":{"$numberInt":"-1"}},"name":"PARENT_ORGANISATION_ID","ns":"rw_uat_rr_dlr_1.RW_ADD_TO_INVENTORY_LINES_DEALER","background":true},{"v":{"$numberInt":"2"},"key":{"PARENT_ORGANISATION_CODE":{"$numberInt":"-1"}},"name":"PARENT_ORGANISATION_CODE","ns":"rw_uat_rr_dlr_1.RW_ADD_TO_INVENTORY_LINES_DEALER","background":true},{"v":{"$numberInt":"2"},"key":{"CATEGORY_ID":{"$numberInt":"-1"}},"name":"CATEGORY_ID","ns":"rw_uat_rr_dlr_1.RW_ADD_TO_INVENTORY_LINES_DEALER","background":true},{"v":{"$numberInt":"2"},"key":{"STATUS":{"$numberInt":"-1"}},"name":"STATUS","ns":"rw_uat_rr_dlr_1.RW_ADD_TO_INVENTORY_LINES_DEALER","background":true},{"v":{"$numberInt":"2"},"key":{"BRANCH_CODE":{"$numberInt":"-1"}},"name":"BRANCH_CODE","ns":"rw_uat_rr_dlr_1.RW_ADD_TO_INVENTORY_LINES_DEALER","background":true},{"v":{"$numberInt":"2"},"key":{"SALES_OFFICE_CODE":{"$numberInt":"-1"}},"name":"SALES_OFFICE_CODE","ns":"rw_uat_rr_dlr_1.RW_ADD_TO_INVENTORY_LINES_DEALER","background":true},{"v":{"$numberInt":"2"},"key":{"ZONAL_CODE":{"$numberInt":"-1"}},"name":"ZONAL_CODE","ns":"rw_uat_rr_dlr_1.RW_ADD_TO_INVENTORY_LINES_DEALER","background":true},{"v":{"$numberInt":"2"},"key":{"ASM_CODE":{"$numberInt":"-1"}},"name":"ASM_CODE","ns":"rw_uat_rr_dlr_1.RW_ADD_TO_INVENTORY_LINES_DEALER","background":true},{"v":{"$numberInt":"2"},"key":{"RSM_CODE":{"$numberInt":"-1"}},"name":"RSM_CODE","ns":"rw_uat_rr_dlr_1.RW_ADD_TO_INVENTORY_LINES_DEALER","background":true}],"uuid":"29bf8a67f0384fbcbf2a6bd7c8cc6068"}