{"options":{},"indexes":[{"v":{"$numberInt":"2"},"key":{"_id":{"$numberInt":"1"}},"name":"_id_","ns":"rw_uat_rr_dlr_1.RW_ADD_TO_INVENTORY_HEADER_DEALER"},{"v":{"$numberInt":"2"},"key":{"INVENTORY_HEADER_ID":{"$numberInt":"-1"}},"name":"INVENTORY_HEADER_ID","ns":"rw_uat_rr_dlr_1.RW_ADD_TO_INVENTORY_HEADER_DEALER","background":true},{"v":{"$numberInt":"2"},"key":{"ITEM_ID":{"$numberInt":"-1"}},"name":"ITEM_ID","ns":"rw_uat_rr_dlr_1.RW_ADD_TO_INVENTORY_HEADER_DEALER","background":true},{"v":{"$numberInt":"2"},"key":{"ITEM_CODE":{"$numberInt":"-1"}},"name":"ITEM_CODE","ns":"rw_uat_rr_dlr_1.RW_ADD_TO_INVENTORY_HEADER_DEALER","background":true},{"v":{"$numberInt":"2"},"key":{"UOM_ID":{"$numberInt":"-1"}},"name":"UOM_ID","ns":"rw_uat_rr_dlr_1.RW_ADD_TO_INVENTORY_HEADER_DEALER","background":true},{"v":{"$numberInt":"2"},"key":{"CATEGORY_ID":{"$numberInt":"-1"}},"name":"CATEGORY_ID","ns":"rw_uat_rr_dlr_1.RW_ADD_TO_INVENTORY_HEADER_DEALER","background":true},{"v":{"$numberInt":"2"},"key":{"ACTIVE_STATUS":{"$numberInt":"-1"}},"name":"ACTIVE_STATUS","ns":"rw_uat_rr_dlr_1.RW_ADD_TO_INVENTORY_HEADER_DEALER","background":true},{"v":{"$numberInt":"2"},"key":{"ORGANIZATION_ID":{"$numberInt":"-1"}},"name":"ORGANIZATION_ID","ns":"rw_uat_rr_dlr_1.RW_ADD_TO_INVENTORY_HEADER_DEALER","background":true},{"v":{"$numberInt":"2"},"key":{"ORGANIZATION_CODE":{"$numberInt":"-1"}},"name":"ORGANIZATION_CODE","ns":"rw_uat_rr_dlr_1.RW_ADD_TO_INVENTORY_HEADER_DEALER","background":true},{"v":{"$numberInt":"2"},"key":{"BRANCH_CODE":{"$numberInt":"-1"}},"name":"BRANCH_CODE","ns":"rw_uat_rr_dlr_1.RW_ADD_TO_INVENTORY_HEADER_DEALER","background":true}],"uuid":"2e1458410ba14f8288401c44d7a65238"}