{"options":{},"indexes":[{"v":{"$numberInt":"2"},"key":{"_id":{"$numberInt":"1"}},"name":"_id_","ns":"rw_uat_rr_dlr_1.RW_ADD_TO_INVENTORY_HEADER"},{"v":{"$numberInt":"2"},"key":{"INVENTORY_HEADER_ID":{"$numberInt":"-1"}},"name":"INVENTORY_HEADER_ID","ns":"rw_uat_rr_dlr_1.RW_ADD_TO_INVENTORY_HEADER","background":true},{"v":{"$numberInt":"2"},"key":{"ITEM_ID":{"$numberInt":"-1"}},"name":"ITEM_ID","ns":"rw_uat_rr_dlr_1.RW_ADD_TO_INVENTORY_HEADER","background":true},{"v":{"$numberInt":"2"},"key":{"ITEM_CODE":{"$numberInt":"-1"}},"name":"ITEM_CODE","ns":"rw_uat_rr_dlr_1.RW_ADD_TO_INVENTORY_HEADER","background":true},{"v":{"$numberInt":"2"},"key":{"UOM_ID":{"$numberInt":"-1"}},"name":"UOM_ID","ns":"rw_uat_rr_dlr_1.RW_ADD_TO_INVENTORY_HEADER","background":true},{"v":{"$numberInt":"2"},"key":{"CATEGORY_ID":{"$numberInt":"-1"}},"name":"CATEGORY_ID","ns":"rw_uat_rr_dlr_1.RW_ADD_TO_INVENTORY_HEADER","background":true},{"v":{"$numberInt":"2"},"key":{"ACTIVE_STATUS":{"$numberInt":"-1"}},"name":"ACTIVE_STATUS","ns":"rw_uat_rr_dlr_1.RW_ADD_TO_INVENTORY_HEADER","background":true},{"v":{"$numberInt":"2"},"key":{"ORGANIZATION_ID":{"$numberInt":"-1"}},"name":"ORGANIZATION_ID","ns":"rw_uat_rr_dlr_1.RW_ADD_TO_INVENTORY_HEADER","background":true},{"v":{"$numberInt":"2"},"key":{"ORGANIZATION_CODE":{"$numberInt":"-1"}},"name":"ORGANIZATION_CODE","ns":"rw_uat_rr_dlr_1.RW_ADD_TO_INVENTORY_HEADER","background":true},{"v":{"$numberInt":"2"},"key":{"INVENTORY_HEADER_LINES":{"$numberInt":"-1"}},"name":"INVENTORY_HEADER_LINES","ns":"rw_uat_rr_dlr_1.RW_ADD_TO_INVENTORY_HEADER","background":true},{"v":{"$numberInt":"2"},"key":{"INVENTORY_HEADER_LINES.SALE_OFFICE_CODE":{"$numberInt":"-1"}},"name":"INVENTORY_HEADER_LINES.SALE_OFFICE_CODE","ns":"rw_uat_rr_dlr_1.RW_ADD_TO_INVENTORY_HEADER","background":true},{"v":{"$numberInt":"2"},"key":{"INVENTORY_HEADER_LINES.RECORD_VIEW":{"$numberInt":"-1"}},"name":"INVENTORY_HEADER_LINES.RECORD_VIEW","ns":"rw_uat_rr_dlr_1.RW_ADD_TO_INVENTORY_HEADER","background":true},{"v":{"$numberInt":"2"},"key":{"INVENTORY_HEADER_LINES.UOM_ID":{"$numberInt":"-1"}},"name":"INVENTORY_HEADER_LINES.UOM_ID","ns":"rw_uat_rr_dlr_1.RW_ADD_TO_INVENTORY_HEADER","background":true},{"v":{"$numberInt":"2"},"key":{"INVENTORY_HEADER_LINES.PARTY_SALE_TYPE":{"$numberInt":"-1"}},"name":"INVENTORY_HEADER_LINES.PARTY_SALE_TYPE","ns":"rw_uat_rr_dlr_1.RW_ADD_TO_INVENTORY_HEADER","background":true},{"v":{"$numberInt":"2"},"key":{"INVENTORY_HEADER_LINES.ITEM_ID":{"$numberInt":"-1"}},"name":"INVENTORY_HEADER_LINES.ITEM_ID","ns":"rw_uat_rr_dlr_1.RW_ADD_TO_INVENTORY_HEADER","background":true}],"uuid":"6eabd49a9d1842a18ca43c12db19b9c1"}