{"options":{},"indexes":[{"v":{"$numberInt":"2"},"key":{"_id":{"$numberInt":"1"}},"name":"_id_","ns":"rw_uat_rr_dlr_1.RW_ASN_HEADERS"},{"v":{"$numberInt":"2"},"key":{"CUSTOMER_ID":{"$numberInt":"-1"}},"name":"CUSTOMER_ID","ns":"rw_uat_rr_dlr_1.RW_ASN_HEADERS","background":true},{"v":{"$numberInt":"2"},"key":{"SUPPLIER_ID":{"$numberInt":"-1"}},"name":"SUPPLIER_ID","ns":"rw_uat_rr_dlr_1.RW_ASN_HEADERS","background":true},{"v":{"$numberInt":"2"},"key":{"CUSTOMER_BILL_TO_SITE_CODE":{"$numberInt":"-1"}},"name":"CUSTOMER_BILL_TO_SITE_CODE","ns":"rw_uat_rr_dlr_1.RW_ASN_HEADERS","background":true},{"v":{"$numberInt":"2"},"key":{"ORDER_TO":{"$numberInt":"-1"}},"name":"ORDER_TO","ns":"rw_uat_rr_dlr_1.RW_ASN_HEADERS","background":true},{"v":{"$numberInt":"2"},"key":{"ASM_CODE":{"$numberInt":"-1"}},"name":"ASM_CODE","ns":"rw_uat_rr_dlr_1.RW_ASN_HEADERS","background":true},{"v":{"$numberInt":"2"},"key":{"RSM_CODE":{"$numberInt":"-1"}},"name":"RSM_CODE","ns":"rw_uat_rr_dlr_1.RW_ASN_HEADERS","background":true},{"v":{"$numberInt":"2"},"key":{"ZONAL_CODE":{"$numberInt":"-1"}},"name":"ZONAL_CODE","ns":"rw_uat_rr_dlr_1.RW_ASN_HEADERS","background":true},{"v":{"$numberInt":"2"},"key":{"CURRENT_APPROVAL_STATUS":{"$numberInt":"-1"}},"name":"CURRENT_APPROVAL_STATUS","ns":"rw_uat_rr_dlr_1.RW_ASN_HEADERS","background":true},{"v":{"$numberInt":"2"},"key":{"ASN_NUMBER":{"$numberInt":"-1"}},"name":"ASN_NUMBER","ns":"rw_uat_rr_dlr_1.RW_ASN_HEADERS","background":true},{"v":{"$numberInt":"2"},"key":{"ASN_LINES":{"$numberInt":"-1"}},"name":"ASN_LINES","ns":"rw_uat_rr_dlr_1.RW_ASN_HEADERS","background":true},{"v":{"$numberInt":"2"},"key":{"ASN_LINES.ASN_LINES_TAX":{"$numberInt":"-1"}},"name":"ASN_LINES.ASN_LINES_TAX","ns":"rw_uat_rr_dlr_1.RW_ASN_HEADERS","background":true},{"v":{"$numberInt":"2"},"key":{"ASN_LINES.ASN_LINE_NUMBER":{"$numberInt":"-1"}},"name":"ASN_LINES.ASN_LINE_NUMBER","ns":"rw_uat_rr_dlr_1.RW_ASN_HEADERS","background":true},{"v":{"$numberInt":"2"},"key":{"ASN_LINES.ASN_NUMBER":{"$numberInt":"-1"}},"name":"ASN_LINES.ASN_NUMBER","ns":"rw_uat_rr_dlr_1.RW_ASN_HEADERS","background":true},{"v":{"$numberInt":"2"},"key":{"ASN_LINES.RECORD_VIEW":{"$numberInt":"-1"}},"name":"ASN_LINES.RECORD_VIEW","ns":"rw_uat_rr_dlr_1.RW_ASN_HEADERS","background":true}],"uuid":"c4c99465b65440e29d132172ce78064f"}