{"options":{},"indexes":[{"v":{"$numberInt":"2"},"key":{"_id":{"$numberInt":"1"}},"name":"_id_","ns":"rw_uat_rr_dlr_1.RW_ALL_SALES_OFFICE_CODES"},{"v":{"$numberInt":"2"},"key":{"SALE_OFFICE_CODE":{"$numberInt":"-1"}},"name":"SALE_OFFICE_CODE","ns":"rw_uat_rr_dlr_1.RW_ALL_SALES_OFFICE_CODES","background":true},{"v":{"$numberInt":"2"},"key":{"PARTY_SALE_TYPE":{"$numberInt":"-1"}},"name":"PARTY_SALE_TYPE","ns":"rw_uat_rr_dlr_1.RW_ALL_SALES_OFFICE_CODES","background":true},{"v":{"$numberInt":"2"},"key":{"ORGANIZATION_ID":{"$numberInt":"-1"}},"name":"ORGANIZATION_ID","ns":"rw_uat_rr_dlr_1.RW_ALL_SALES_OFFICE_CODES","background":true},{"v":{"$numberInt":"2"},"key":{"ORGANIZATION_CODE":{"$numberInt":"-1"}},"name":"ORGANIZATION_CODE","ns":"rw_uat_rr_dlr_1.RW_ALL_SALES_OFFICE_CODES","background":true},{"v":{"$numberInt":"2"},"key":{"ACTIVE_STATUS":{"$numberInt":"-1"}},"name":"ACTIVE_STATUS","ns":"rw_uat_rr_dlr_1.RW_ALL_SALES_OFFICE_CODES","background":true},{"v":{"$numberInt":"2"},"key":{"LINK_ZONAL_CODE":{"$numberInt":"-1"}},"name":"LINK_ZONAL_CODE","ns":"rw_uat_rr_dlr_1.RW_ALL_SALES_OFFICE_CODES","background":true},{"v":{"$numberInt":"2"},"key":{"LINK_AREA_OFFICE_CODE":{"$numberInt":"-1"}},"name":"LINK_AREA_OFFICE_CODE","ns":"rw_uat_rr_dlr_1.RW_ALL_SALES_OFFICE_CODES","background":true},{"v":{"$numberInt":"2"},"key":{"LINK_REGIONAL_OFFICE_CODE":{"$numberInt":"-1"}},"name":"LINK_REGIONAL_OFFICE_CODE","ns":"rw_uat_rr_dlr_1.RW_ALL_SALES_OFFICE_CODES","background":true}],"uuid":"ad1f95fd634f48049b99668f4ecd6eab"}