{"options":{},"indexes":[{"v":{"$numberInt":"2"},"key":{"_id":{"$numberInt":"1"}},"name":"_id_","ns":"rw_uat_rr_dlr_1.RW_BEAT_MASTER"},{"v":{"$numberInt":"2"},"key":{"SALES_OFFICE_CODE":{"$numberInt":"-1"}},"name":"SALES_OFFICE_CODE","ns":"rw_uat_rr_dlr_1.RW_BEAT_MASTER","background":true},{"v":{"$numberInt":"2"},"key":{"BEAT_ID":{"$numberInt":"-1"}},"name":"BEAT_ID","ns":"rw_uat_rr_dlr_1.RW_BEAT_MASTER","background":true},{"v":{"$numberInt":"2"},"key":{"ORGANIZATION_TYPE":{"$numberInt":"-1"}},"name":"ORGANIZATION_TYPE","ns":"rw_uat_rr_dlr_1.RW_BEAT_MASTER","background":true},{"v":{"$numberInt":"2"},"key":{"ACTIVE_STATUS":{"$numberInt":"-1"}},"name":"ACTIVE_STATUS","ns":"rw_uat_rr_dlr_1.RW_BEAT_MASTER","background":true},{"v":{"$numberInt":"2"},"key":{"BRANCH_CODE":{"$numberInt":"-1"}},"name":"BRANCH_CODE","ns":"rw_uat_rr_dlr_1.RW_BEAT_MASTER","background":true},{"v":{"$numberInt":"2"},"key":{"DEALER_CODE":{"$numberInt":"-1"}},"name":"DEALER_CODE","ns":"rw_uat_rr_dlr_1.RW_BEAT_MASTER","background":true},{"v":{"$numberInt":"2"},"key":{"ORGANIZATION_ID":{"$numberInt":"-1"}},"name":"ORGANIZATION_ID","ns":"rw_uat_rr_dlr_1.RW_BEAT_MASTER","background":true},{"v":{"$numberInt":"2"},"key":{"ORGANIZATION_CODE":{"$numberInt":"-1"}},"name":"ORGANIZATION_CODE","ns":"rw_uat_rr_dlr_1.RW_BEAT_MASTER","background":true},{"v":{"$numberInt":"2"},"key":{"DISTRICT_ID":{"$numberInt":"-1"}},"name":"DISTRICT_ID","ns":"rw_uat_rr_dlr_1.RW_BEAT_MASTER","background":true},{"v":{"$numberInt":"2"},"key":{"STATE_ID":{"$numberInt":"-1"}},"name":"STATE_ID","ns":"rw_uat_rr_dlr_1.RW_BEAT_MASTER","background":true},{"v":{"$numberInt":"2"},"key":{"TYPE_NAME":{"$numberInt":"-1"}},"name":"TYPE_NAME","ns":"rw_uat_rr_dlr_1.RW_BEAT_MASTER","background":true},{"v":{"$numberInt":"2"},"key":{"AREA":{"$numberInt":"-1"}},"name":"AREA","ns":"rw_uat_rr_dlr_1.RW_BEAT_MASTER","background":true},{"v":{"$numberInt":"2"},"key":{"AREA.AREA_ID":{"$numberInt":"-1"}},"name":"AREA.AREA_ID","ns":"rw_uat_rr_dlr_1.RW_BEAT_MASTER","background":true}],"uuid":"39e92d85f30e46049f51f50f65ea0e63"}