{"options":{},"indexes":[{"v":{"$numberInt":"2"},"key":{"_id":{"$numberInt":"1"}},"name":"_id_","ns":"rw_uat_rr_dlr_1.RW_CREDIT_NOTE_MASTER"},{"v":{"$numberInt":"2"},"key":{"ORGANIZATION_CODE":{"$numberInt":"-1"}},"name":"ORGANIZATION_CODE","ns":"rw_uat_rr_dlr_1.RW_CREDIT_NOTE_MASTER","background":true},{"v":{"$numberInt":"2"},"key":{"BRANCH_CODE":{"$numberInt":"-1"}},"name":"BRANCH_CODE","ns":"rw_uat_rr_dlr_1.RW_CREDIT_NOTE_MASTER","background":true},{"v":{"$numberInt":"2"},"key":{"CREDIT_DOCUMENT_TYPE":{"$numberInt":"-1"}},"name":"CREDIT_DOCUMENT_TYPE","ns":"rw_uat_rr_dlr_1.RW_CREDIT_NOTE_MASTER","background":true},{"v":{"$numberInt":"2"},"key":{"CREDIT_NOTE":{"$numberInt":"-1"}},"name":"CREDIT_NOTE","ns":"rw_uat_rr_dlr_1.RW_CREDIT_NOTE_MASTER","background":true},{"v":{"$numberInt":"2"},"key":{"STATUS":{"$numberInt":"-1"}},"name":"STATUS","ns":"rw_uat_rr_dlr_1.RW_CREDIT_NOTE_MASTER","background":true},{"v":{"$numberInt":"2"},"key":{"ACTIVE_STATUS":{"$numberInt":"-1"}},"name":"ACTIVE_STATUS","ns":"rw_uat_rr_dlr_1.RW_CREDIT_NOTE_MASTER","background":true},{"v":{"$numberInt":"2"},"key":{"CREDIT_NOTE_TO_TYPE":{"$numberInt":"-1"}},"name":"CREDIT_NOTE_TO_TYPE","ns":"rw_uat_rr_dlr_1.RW_CREDIT_NOTE_MASTER","background":true},{"v":{"$numberInt":"2"},"key":{"SALE_OFFICE_CODE":{"$numberInt":"-1"}},"name":"SALE_OFFICE_CODE","ns":"rw_uat_rr_dlr_1.RW_CREDIT_NOTE_MASTER","background":true}],"uuid":"2d3975ea689847f0aa47ddf5e8db5f4b"}