{"options":{},"indexes":[{"v":{"$numberInt":"2"},"key":{"_id":{"$numberInt":"1"}},"name":"_id_","ns":"rw_uat_rr_dlr_1.RW_COLLECTIONS"},{"v":{"$numberInt":"2"},"key":{"PAYMENT_SAVED_TYPE":{"$numberInt":"-1"}},"name":"PAYMENT_SAVED_TYPE","ns":"rw_uat_rr_dlr_1.RW_COLLECTIONS","background":true},{"v":{"$numberInt":"2"},"key":{"CUSTOMER_BILL_TO_SITE_CODE":{"$numberInt":"-1"}},"name":"CUSTOMER_BILL_TO_SITE_CODE","ns":"rw_uat_rr_dlr_1.RW_COLLECTIONS","background":true},{"v":{"$numberInt":"2"},"key":{"ASM_CODE":{"$numberInt":"-1"}},"name":"ASM_CODE","ns":"rw_uat_rr_dlr_1.RW_COLLECTIONS","background":true},{"v":{"$numberInt":"2"},"key":{"RSM_CODE":{"$numberInt":"-1"}},"name":"RSM_CODE","ns":"rw_uat_rr_dlr_1.RW_COLLECTIONS","background":true},{"v":{"$numberInt":"2"},"key":{"ZONAL_CODE":{"$numberInt":"-1"}},"name":"ZONAL_CODE","ns":"rw_uat_rr_dlr_1.RW_COLLECTIONS","background":true},{"v":{"$numberInt":"2"},"key":{"ORDER_TO":{"$numberInt":"-1"}},"name":"ORDER_TO","ns":"rw_uat_rr_dlr_1.RW_COLLECTIONS","background":true},{"v":{"$numberInt":"2"},"key":{"CUSTOMER_ID":{"$numberInt":"-1"}},"name":"CUSTOMER_ID","ns":"rw_uat_rr_dlr_1.RW_COLLECTIONS","background":true},{"v":{"$numberInt":"2"},"key":{"SUPPLIER_ID":{"$numberInt":"-1"}},"name":"SUPPLIER_ID","ns":"rw_uat_rr_dlr_1.RW_COLLECTIONS","background":true},{"v":{"$numberInt":"2"},"key":{"RECORD_VIEW":{"$numberInt":"-1"}},"name":"RECORD_VIEW","ns":"rw_uat_rr_dlr_1.RW_COLLECTIONS","background":true},{"v":{"$numberInt":"2"},"key":{"CREATED_BY":{"$numberInt":"-1"}},"name":"CREATED_BY","ns":"rw_uat_rr_dlr_1.RW_COLLECTIONS","background":true},{"v":{"$numberInt":"2"},"key":{"PAYMENT_ID":{"$numberInt":"-1"}},"name":"PAYMENT_ID","ns":"rw_uat_rr_dlr_1.RW_COLLECTIONS","background":true},{"v":{"$numberInt":"2"},"key":{"PAYMENT_MODE_ID":{"$numberInt":"-1"}},"name":"PAYMENT_MODE_ID","ns":"rw_uat_rr_dlr_1.RW_COLLECTIONS","background":true},{"v":{"$numberInt":"2"},"key":{"PAYMENT_STATUS":{"$numberInt":"-1"}},"name":"PAYMENT_STATUS","ns":"rw_uat_rr_dlr_1.RW_COLLECTIONS","background":true}],"uuid":"f43aa4beb9d341f289e8f96c8b06c6a1"}