{"options":{},"indexes":[{"v":{"$numberInt":"2"},"key":{"_id":{"$numberInt":"1"}},"name":"_id_","ns":"rw_uat_rr_dlr_1.RW_CREATE_BRANCH"},{"v":{"$numberInt":"2"},"key":{"BRANCH_CODE":{"$numberInt":"-1"}},"name":"BRANCH_CODE","ns":"rw_uat_rr_dlr_1.RW_CREATE_BRANCH","background":true},{"v":{"$numberInt":"2"},"key":{"ORGANIZATION_CODE":{"$numberInt":"-1"}},"name":"ORGANIZATION_CODE","ns":"rw_uat_rr_dlr_1.RW_CREATE_BRANCH","background":true},{"v":{"$numberInt":"2"},"key":{"HEAD_QUARTERS":{"$numberInt":"-1"}},"name":"HEAD_QUARTERS","ns":"rw_uat_rr_dlr_1.RW_CREATE_BRANCH","background":true},{"v":{"$numberInt":"2"},"key":{"BRANCH_ID":{"$numberInt":"-1"}},"name":"BRANCH_ID","ns":"rw_uat_rr_dlr_1.RW_CREATE_BRANCH","background":true},{"v":{"$numberInt":"2"},"key":{"ORGANISATION_TYPE":{"$numberInt":"-1"}},"name":"ORGANISATION_TYPE","ns":"rw_uat_rr_dlr_1.RW_CREATE_BRANCH","background":true},{"v":{"$numberInt":"2"},"key":{"AREA_OFFICE_CODE":{"$numberInt":"-1"}},"name":"AREA_OFFICE_CODE","ns":"rw_uat_rr_dlr_1.RW_CREATE_BRANCH","background":true},{"v":{"$numberInt":"2"},"key":{"REGIONAL_OFFICE_CODE":{"$numberInt":"-1"}},"name":"REGIONAL_OFFICE_CODE","ns":"rw_uat_rr_dlr_1.RW_CREATE_BRANCH","background":true},{"v":{"$numberInt":"2"},"key":{"ZONAL_OFFICE_CODE":{"$numberInt":"-1"}},"name":"ZONAL_OFFICE_CODE","ns":"rw_uat_rr_dlr_1.RW_CREATE_BRANCH","background":true},{"v":{"$numberInt":"2"},"key":{"ORGANIZATION_ID":{"$numberInt":"-1"}},"name":"ORGANIZATION_ID","ns":"rw_uat_rr_dlr_1.RW_CREATE_BRANCH","background":true},{"v":{"$numberInt":"2"},"key":{"ACTIVE_STATUS":{"$numberInt":"-1"}},"name":"ACTIVE_STATUS","ns":"rw_uat_rr_dlr_1.RW_CREATE_BRANCH","background":true},{"v":{"$numberInt":"2"},"key":{"DISTRICT_ID":{"$numberInt":"-1"}},"name":"DISTRICT_ID","ns":"rw_uat_rr_dlr_1.RW_CREATE_BRANCH","background":true},{"v":{"$numberInt":"2"},"key":{"AREA_ID":{"$numberInt":"-1"}},"name":"AREA_ID","ns":"rw_uat_rr_dlr_1.RW_CREATE_BRANCH","background":true},{"v":{"$numberInt":"2"},"key":{"STATE_ID":{"$numberInt":"-1"}},"name":"STATE_ID","ns":"rw_uat_rr_dlr_1.RW_CREATE_BRANCH","background":true},{"v":{"$numberInt":"2"},"key":{"PARENT_ORGANISATION_CODE":{"$numberInt":"-1"}},"name":"PARENT_ORGANISATION_CODE","ns":"rw_uat_rr_dlr_1.RW_CREATE_BRANCH","background":true},{"v":{"$numberInt":"2"},"key":{"PARENT_ORGANISATION_ID":{"$numberInt":"-1"}},"name":"PARENT_ORGANISATION_ID","ns":"rw_uat_rr_dlr_1.RW_CREATE_BRANCH","background":true}],"uuid":"ff8f39c6045345bab9d2f5f86204e0e5"}