{"options":{},"indexes":[{"v":{"$numberInt":"2"},"key":{"_id":{"$numberInt":"1"}},"name":"_id_","ns":"rw_uat_rr_dlr_1.RW_CREDIT_LIMIT_MASTER"},{"v":{"$numberInt":"2"},"key":{"ID":{"$numberInt":"-1"}},"name":"ID","ns":"rw_uat_rr_dlr_1.RW_CREDIT_LIMIT_MASTER","background":true},{"v":{"$numberInt":"2"},"key":{"ACTIVE_STATUS":{"$numberInt":"-1"}},"name":"ACTIVE_STATUS","ns":"rw_uat_rr_dlr_1.RW_CREDIT_LIMIT_MASTER","background":true},{"v":{"$numberInt":"2"},"key":{"CUSTOMER_TYPE":{"$numberInt":"-1"}},"name":"CUSTOMER_TYPE","ns":"rw_uat_rr_dlr_1.RW_CREDIT_LIMIT_MASTER","background":true},{"v":{"$numberInt":"2"},"key":{"ORGANIZATION_ID":{"$numberInt":"-1"}},"name":"ORGANIZATION_ID","ns":"rw_uat_rr_dlr_1.RW_CREDIT_LIMIT_MASTER","background":true},{"v":{"$numberInt":"2"},"key":{"ORGANIZATION_CODE":{"$numberInt":"-1"}},"name":"ORGANIZATION_CODE","ns":"rw_uat_rr_dlr_1.RW_CREDIT_LIMIT_MASTER","background":true},{"v":{"$numberInt":"2"},"key":{"PARENT_ORGANISATION_CODE":{"$numberInt":"-1"}},"name":"PARENT_ORGANISATION_CODE","ns":"rw_uat_rr_dlr_1.RW_CREDIT_LIMIT_MASTER","background":true},{"v":{"$numberInt":"2"},"key":{"PARENT_ORGANISATION_ID":{"$numberInt":"-1"}},"name":"PARENT_ORGANISATION_ID","ns":"rw_uat_rr_dlr_1.RW_CREDIT_LIMIT_MASTER","background":true},{"v":{"$numberInt":"2"},"key":{"DEALER_CODE":{"$numberInt":"-1"}},"name":"DEALER_CODE","ns":"rw_uat_rr_dlr_1.RW_CREDIT_LIMIT_MASTER","background":true},{"v":{"$numberInt":"2"},"key":{"CUSTOMER_CODE":{"$numberInt":"-1"}},"name":"CUSTOMER_CODE","ns":"rw_uat_rr_dlr_1.RW_CREDIT_LIMIT_MASTER","background":true}],"uuid":"da2993f07113459892311ac960b0c2c3"}