{"options":{},"indexes":[{"v":{"$numberInt":"2"},"key":{"_id":{"$numberInt":"1"}},"name":"_id_","ns":"rw_uat_rr_dlr_1.RW_DELIVERY_ORDER_HEADER"},{"v":{"$numberInt":"2"},"key":{"CUSTOMER_ID":{"$numberInt":"-1"}},"name":"CUSTOMER_ID","ns":"rw_uat_rr_dlr_1.RW_DELIVERY_ORDER_HEADER","background":true},{"v":{"$numberInt":"2"},"key":{"CUSTOMER_BILL_TO_SITE_CODE":{"$numberInt":"-1"}},"name":"CUSTOMER_BILL_TO_SITE_CODE","ns":"rw_uat_rr_dlr_1.RW_DELIVERY_ORDER_HEADER","background":true},{"v":{"$numberInt":"2"},"key":{"ORDER_TO":{"$numberInt":"-1"}},"name":"ORDER_TO","ns":"rw_uat_rr_dlr_1.RW_DELIVERY_ORDER_HEADER","background":true},{"v":{"$numberInt":"2"},"key":{"INVOICE_TYPE":{"$numberInt":"-1"}},"name":"INVOICE_TYPE","ns":"rw_uat_rr_dlr_1.RW_DELIVERY_ORDER_HEADER","background":true},{"v":{"$numberInt":"2"},"key":{"INVOICE_NUMBER":{"$numberInt":"-1"}},"name":"INVOICE_NUMBER","ns":"rw_uat_rr_dlr_1.RW_DELIVERY_ORDER_HEADER","background":true},{"v":{"$numberInt":"2"},"key":{"ASM_CODE":{"$numberInt":"-1"}},"name":"ASM_CODE","ns":"rw_uat_rr_dlr_1.RW_DELIVERY_ORDER_HEADER","background":true},{"v":{"$numberInt":"2"},"key":{"RSM_CODE":{"$numberInt":"-1"}},"name":"RSM_CODE","ns":"rw_uat_rr_dlr_1.RW_DELIVERY_ORDER_HEADER","background":true},{"v":{"$numberInt":"2"},"key":{"ZONAL_CODE":{"$numberInt":"-1"}},"name":"ZONAL_CODE","ns":"rw_uat_rr_dlr_1.RW_DELIVERY_ORDER_HEADER","background":true},{"v":{"$numberInt":"2"},"key":{"CURRENT_APPROVAL_STATUS":{"$numberInt":"-1"}},"name":"CURRENT_APPROVAL_STATUS","ns":"rw_uat_rr_dlr_1.RW_DELIVERY_ORDER_HEADER","background":true},{"v":{"$numberInt":"2"},"key":{"ACTIVE_STATUS":{"$numberInt":"-1"}},"name":"ACTIVE_STATUS","ns":"rw_uat_rr_dlr_1.RW_DELIVERY_ORDER_HEADER","background":true},{"v":{"$numberInt":"2"},"key":{"DELIVERY_ORDER_NUMBER":{"$numberInt":"-1"}},"name":"DELIVERY_ORDER_NUMBER","ns":"rw_uat_rr_dlr_1.RW_DELIVERY_ORDER_HEADER","background":true},{"v":{"$numberInt":"2"},"key":{"DO_STATUS":{"$numberInt":"-1"}},"name":"DO_STATUS","ns":"rw_uat_rr_dlr_1.RW_DELIVERY_ORDER_HEADER","background":true},{"v":{"$numberInt":"2"},"key":{"DELIVERY_ORDER_LINES":{"$numberInt":"-1"}},"name":"DELIVERY_ORDER_LINES","ns":"rw_uat_rr_dlr_1.RW_DELIVERY_ORDER_HEADER","background":true},{"v":{"$numberInt":"2"},"key":{"DELIVERY_ORDER_LINES.DELIVERY_ORDER_NUMBER":{"$numberInt":"-1"}},"name":"DELIVERY_ORDER_LINES.DELIVERY_ORDER_NUMBER","ns":"rw_uat_rr_dlr_1.RW_DELIVERY_ORDER_HEADER","background":true},{"v":{"$numberInt":"2"},"key":{"DELIVERY_ORDER_LINES.DELIVERY_ORDER_LINE_NUMBER":{"$numberInt":"-1"}},"name":"DELIVERY_ORDER_LINES.DELIVERY_ORDER_LINE_NUMBER","ns":"rw_uat_rr_dlr_1.RW_DELIVERY_ORDER_HEADER","background":true},{"v":{"$numberInt":"2"},"key":{"SUPPLIER_ID":{"$numberInt":"-1"}},"name":"SUPPLIER_ID","ns":"rw_uat_rr_dlr_1.RW_DELIVERY_ORDER_HEADER","background":true}],"uuid":"3065af98f0c04ba690bfdb643ffc2841"}