{"options":{},"indexes":[{"v":{"$numberInt":"2"},"key":{"_id":{"$numberInt":"1"}},"name":"_id_","ns":"rw_uat_rr_dlr_1.RW_EXPENSE_CLAIM"},{"v":{"$numberInt":"2"},"key":{"STATUS":{"$numberInt":"1"}},"name":"statusidx","ns":"rw_uat_rr_dlr_1.RW_EXPENSE_CLAIM","background":false},{"v":{"$numberInt":"2"},"key":{"CLAIM_TO":{"$numberInt":"-1"}},"name":"CLAIM_TO","ns":"rw_uat_rr_dlr_1.RW_EXPENSE_CLAIM","background":true},{"v":{"$numberInt":"2"},"key":{"EXPENSE_ID":{"$numberInt":"-1"}},"name":"EXPENSE_ID","ns":"rw_uat_rr_dlr_1.RW_EXPENSE_CLAIM","background":true},{"v":{"$numberInt":"2"},"key":{"EMPLOYEE_ID":{"$numberInt":"-1"}},"name":"EMPLOYEE_ID","ns":"rw_uat_rr_dlr_1.RW_EXPENSE_CLAIM","background":true}],"uuid":"d445ed326bb74bf7aa71d480a70e8d5e"}