{"options":{},"indexes":[{"v":{"$numberInt":"2"},"key":{"_id":{"$numberInt":"1"}},"name":"_id_","ns":"rw_uat_rr_dlr_1.RW_FWL_GOODS_RECEIPT_NOTE_HEADER"},{"v":{"$numberInt":"2"},"key":{"GOODS_RECEIPT_NOTE_TYPE":{"$numberInt":"-1"}},"name":"GOODS_RECEIPT_NOTE_TYPE","ns":"rw_uat_rr_dlr_1.RW_FWL_GOODS_RECEIPT_NOTE_HEADER","background":true},{"v":{"$numberInt":"2"},"key":{"GOODS_RECEIPT_NOTE_NUMBER":{"$numberInt":"-1"}},"name":"GOODS_RECEIPT_NOTE_NUMBER","ns":"rw_uat_rr_dlr_1.RW_FWL_GOODS_RECEIPT_NOTE_HEADER","background":true},{"v":{"$numberInt":"2"},"key":{"ORDER_TO":{"$numberInt":"-1"}},"name":"ORDER_TO","ns":"rw_uat_rr_dlr_1.RW_FWL_GOODS_RECEIPT_NOTE_HEADER","background":true},{"v":{"$numberInt":"2"},"key":{"CUSTOMER_BILL_TO_SITE_CODE":{"$numberInt":"-1"}},"name":"CUSTOMER_BILL_TO_SITE_CODE","ns":"rw_uat_rr_dlr_1.RW_FWL_GOODS_RECEIPT_NOTE_HEADER","background":true},{"v":{"$numberInt":"2"},"key":{"SUPPLIER_ID":{"$numberInt":"-1"}},"name":"SUPPLIER_ID","ns":"rw_uat_rr_dlr_1.RW_FWL_GOODS_RECEIPT_NOTE_HEADER","background":true},{"v":{"$numberInt":"2"},"key":{"CUSTOMER_ID":{"$numberInt":"-1"}},"name":"CUSTOMER_ID","ns":"rw_uat_rr_dlr_1.RW_FWL_GOODS_RECEIPT_NOTE_HEADER","background":true},{"v":{"$numberInt":"2"},"key":{"ASM_CODE":{"$numberInt":"-1"}},"name":"ASM_CODE","ns":"rw_uat_rr_dlr_1.RW_FWL_GOODS_RECEIPT_NOTE_HEADER","background":true},{"v":{"$numberInt":"2"},"key":{"RSM_CODE":{"$numberInt":"-1"}},"name":"RSM_CODE","ns":"rw_uat_rr_dlr_1.RW_FWL_GOODS_RECEIPT_NOTE_HEADER","background":true},{"v":{"$numberInt":"2"},"key":{"ZONAL_CODE":{"$numberInt":"-1"}},"name":"ZONAL_CODE","ns":"rw_uat_rr_dlr_1.RW_FWL_GOODS_RECEIPT_NOTE_HEADER","background":true},{"v":{"$numberInt":"2"},"key":{"FWL_GOODS_RECEIPT_NOTE_LINE":{"$numberInt":"-1"}},"name":"FWL_GOODS_RECEIPT_NOTE_LINE","ns":"rw_uat_rr_dlr_1.RW_FWL_GOODS_RECEIPT_NOTE_HEADER","background":true},{"v":{"$numberInt":"2"},"key":{"FWL_GOODS_RECEIPT_NOTE_LINE.GOODS_RECEIPT_NOTE_NUMBER":{"$numberInt":"-1"}},"name":"FWL_GOODS_RECEIPT_NOTE_LINE.GOODS_RECEIPT_NOTE_NUMBER","ns":"rw_uat_rr_dlr_1.RW_FWL_GOODS_RECEIPT_NOTE_HEADER","background":true},{"v":{"$numberInt":"2"},"key":{"FWL_GOODS_RECEIPT_NOTE_LINE.PURCHASE_ORDER_LINE_NUMBER":{"$numberInt":"-1"}},"name":"FWL_GOODS_RECEIPT_NOTE_LINE.PURCHASE_ORDER_LINE_NUMBER","ns":"rw_uat_rr_dlr_1.RW_FWL_GOODS_RECEIPT_NOTE_HEADER","background":true},{"v":{"$numberInt":"2"},"key":{"FWL_GOODS_RECEIPT_NOTE_LINE.RECORD_VIEW":{"$numberInt":"-1"}},"name":"FWL_GOODS_RECEIPT_NOTE_LINE.RECORD_VIEW","ns":"rw_uat_rr_dlr_1.RW_FWL_GOODS_RECEIPT_NOTE_HEADER","background":true}],"uuid":"895b50f3c3964375bd68282223452247"}