{"options":{},"indexes":[{"v":{"$numberInt":"2"},"key":{"_id":{"$numberInt":"1"}},"name":"_id_","ns":"rw_uat_rr_dlr_1.RW_HOLDING_REASON_MASTER"},{"v":{"$numberInt":"2"},"key":{"ID":{"$numberInt":"-1"}},"name":"ID","ns":"rw_uat_rr_dlr_1.RW_HOLDING_REASON_MASTER","background":true},{"v":{"$numberInt":"2"},"key":{"REASON_TYPE":{"$numberInt":"-1"}},"name":"REASON_TYPE","ns":"rw_uat_rr_dlr_1.RW_HOLDING_REASON_MASTER","background":true},{"v":{"$numberInt":"2"},"key":{"HOLDING_LINES":{"$numberInt":"-1"}},"name":"HOLDING_LINES","ns":"rw_uat_rr_dlr_1.RW_HOLDING_REASON_MASTER","background":true},{"v":{"$numberInt":"2"},"key":{"HOLDING_LINES.REASON_ID":{"$numberInt":"-1"}},"name":"HOLDING_LINES.REASON_ID","ns":"rw_uat_rr_dlr_1.RW_HOLDING_REASON_MASTER","background":true},{"v":{"$numberInt":"2"},"key":{"HOLDING_LINES.REASON_TYPE_ID":{"$numberInt":"-1"}},"name":"HOLDING_LINES.REASON_TYPE_ID","ns":"rw_uat_rr_dlr_1.RW_HOLDING_REASON_MASTER","background":true},{"v":{"$numberInt":"2"},"key":{"ACTIVE_STATUS":{"$numberInt":"-1"}},"name":"ACTIVE_STATUS","ns":"rw_uat_rr_dlr_1.RW_HOLDING_REASON_MASTER","background":true}],"uuid":"6ffccc0aad9c43cf9f9ed071719b9e7e"}