{"options":{},"indexes":[{"v":{"$numberInt":"2"},"key":{"_id":{"$numberInt":"1"}},"name":"_id_","ns":"rw_uat_rr_dlr_1.RW_INVENTORY_VIEW_DEALER"},{"v":{"$numberInt":"2"},"key":{"INVENTORY_IDENTIFIER":{"$numberInt":"-1"}},"name":"INVENTORY_IDENTIFIER","ns":"rw_uat_rr_dlr_1.RW_INVENTORY_VIEW_DEALER","background":true},{"v":{"$numberInt":"2"},"key":{"ITEM_ID":{"$numberInt":"-1"}},"name":"ITEM_ID","ns":"rw_uat_rr_dlr_1.RW_INVENTORY_VIEW_DEALER","background":true},{"v":{"$numberInt":"2"},"key":{"ITEM_CODE":{"$numberInt":"-1"}},"name":"ITEM_CODE","ns":"rw_uat_rr_dlr_1.RW_INVENTORY_VIEW_DEALER","background":true},{"v":{"$numberInt":"2"},"key":{"UOM_ID":{"$numberInt":"-1"}},"name":"UOM_ID","ns":"rw_uat_rr_dlr_1.RW_INVENTORY_VIEW_DEALER","background":true},{"v":{"$numberInt":"2"},"key":{"CATEGORY_ID":{"$numberInt":"-1"}},"name":"CATEGORY_ID","ns":"rw_uat_rr_dlr_1.RW_INVENTORY_VIEW_DEALER","background":true},{"v":{"$numberInt":"2"},"key":{"ACTIVE_STATUS":{"$numberInt":"-1"}},"name":"ACTIVE_STATUS","ns":"rw_uat_rr_dlr_1.RW_INVENTORY_VIEW_DEALER","background":true},{"v":{"$numberInt":"2"},"key":{"ORGANIZATION_ID":{"$numberInt":"-1"}},"name":"ORGANIZATION_ID","ns":"rw_uat_rr_dlr_1.RW_INVENTORY_VIEW_DEALER","background":true},{"v":{"$numberInt":"2"},"key":{"ORGANIZATION_CODE":{"$numberInt":"-1"}},"name":"ORGANIZATION_CODE","ns":"rw_uat_rr_dlr_1.RW_INVENTORY_VIEW_DEALER","background":true},{"v":{"$numberInt":"2"},"key":{"PARENT_ORGANISATION_ID":{"$numberInt":"-1"}},"name":"PARENT_ORGANISATION_ID","ns":"rw_uat_rr_dlr_1.RW_INVENTORY_VIEW_DEALER","background":true},{"v":{"$numberInt":"2"},"key":{"PARENT_ORGANISATION_CODE":{"$numberInt":"-1"}},"name":"PARENT_ORGANISATION_CODE","ns":"rw_uat_rr_dlr_1.RW_INVENTORY_VIEW_DEALER","background":true},{"v":{"$numberInt":"2"},"key":{"INVENTORY_VIEW_LINES_DLR":{"$numberInt":"-1"}},"name":"INVENTORY_VIEW_LINES_DLR","ns":"rw_uat_rr_dlr_1.RW_INVENTORY_VIEW_DEALER","background":true},{"v":{"$numberInt":"2"},"key":{"INVENTORY_VIEW_LINES_DLR.BRANCH_CODE":{"$numberInt":"-1"}},"name":"INVENTORY_VIEW_LINES_DLR.BRANCH_CODE","ns":"rw_uat_rr_dlr_1.RW_INVENTORY_VIEW_DEALER","background":true},{"v":{"$numberInt":"2"},"key":{"INVENTORY_VIEW_LINES_DLR.RECORD_VIEW":{"$numberInt":"-1"}},"name":"INVENTORY_VIEW_LINES_DLR.RECORD_VIEW","ns":"rw_uat_rr_dlr_1.RW_INVENTORY_VIEW_DEALER","background":true},{"v":{"$numberInt":"2"},"key":{"INVENTORY_VIEW_LINES_DLR.ITEM_ID":{"$numberInt":"-1"}},"name":"INVENTORY_VIEW_LINES_DLR.ITEM_ID","ns":"rw_uat_rr_dlr_1.RW_INVENTORY_VIEW_DEALER","background":true},{"v":{"$numberInt":"2"},"key":{"SECONDARY_UOM":{"$numberInt":"-1"}},"name":"SECONDARY_UOM","ns":"rw_uat_rr_dlr_1.RW_INVENTORY_VIEW_DEALER","background":true},{"v":{"$numberInt":"2"},"key":{"SECONDARY_UOM.SECONDARY_UOM_ID":{"$numberInt":"-1"}},"name":"SECONDARY_UOM.SECONDARY_UOM_ID","ns":"rw_uat_rr_dlr_1.RW_INVENTORY_VIEW_DEALER","background":true}],"uuid":"3efe8a90e5d5432ab106ba94223cad94"}