{"options":{},"indexes":[{"v":{"$numberInt":"2"},"key":{"_id":{"$numberInt":"1"}},"name":"_id_","ns":"rw_uat_rr_dlr_1.RW_INV_VIEW_RET"},{"v":{"$numberInt":"2"},"key":{"STOCK_ID":{"$numberInt":"-1"}},"name":"STOCK_ID","ns":"rw_uat_rr_dlr_1.RW_INV_VIEW_RET","background":true},{"v":{"$numberInt":"2"},"key":{"SUPPLIER_ID":{"$numberInt":"-1"}},"name":"SUPPLIER_ID","ns":"rw_uat_rr_dlr_1.RW_INV_VIEW_RET","background":true},{"v":{"$numberInt":"2"},"key":{"CUSTOMER_ID":{"$numberInt":"-1"}},"name":"CUSTOMER_ID","ns":"rw_uat_rr_dlr_1.RW_INV_VIEW_RET","background":true},{"v":{"$numberInt":"2"},"key":{"CUSTOMER_CODE":{"$numberInt":"-1"}},"name":"CUSTOMER_CODE","ns":"rw_uat_rr_dlr_1.RW_INV_VIEW_RET","background":true},{"v":{"$numberInt":"2"},"key":{"CUSTOMER_BILL_TO_SITE_CODE":{"$numberInt":"-1"}},"name":"CUSTOMER_BILL_TO_SITE_CODE","ns":"rw_uat_rr_dlr_1.RW_INV_VIEW_RET","background":true},{"v":{"$numberInt":"2"},"key":{"CURRENT_APPROVAL_STATUS":{"$numberInt":"-1"}},"name":"CURRENT_APPROVAL_STATUS","ns":"rw_uat_rr_dlr_1.RW_INV_VIEW_RET","background":true},{"v":{"$numberInt":"2"},"key":{"UOM_ID":{"$numberInt":"-1"}},"name":"UOM_ID","ns":"rw_uat_rr_dlr_1.RW_INV_VIEW_RET","background":true},{"v":{"$numberInt":"2"},"key":{"ITEM_ID":{"$numberInt":"-1"}},"name":"ITEM_ID","ns":"rw_uat_rr_dlr_1.RW_INV_VIEW_RET","background":true},{"v":{"$numberInt":"2"},"key":{"ITEM_CODE":{"$numberInt":"-1"}},"name":"ITEM_CODE","ns":"rw_uat_rr_dlr_1.RW_INV_VIEW_RET","background":true},{"v":{"$numberInt":"2"},"key":{"CATEGORY_ID":{"$numberInt":"-1"}},"name":"CATEGORY_ID","ns":"rw_uat_rr_dlr_1.RW_INV_VIEW_RET","background":true},{"v":{"$numberInt":"2"},"key":{"ZONAL_CODE":{"$numberInt":"-1"}},"name":"ZONAL_CODE","ns":"rw_uat_rr_dlr_1.RW_INV_VIEW_RET","background":true},{"v":{"$numberInt":"2"},"key":{"RSM_CODE":{"$numberInt":"-1"}},"name":"RSM_CODE","ns":"rw_uat_rr_dlr_1.RW_INV_VIEW_RET","background":true},{"v":{"$numberInt":"2"},"key":{"ASM_CODE":{"$numberInt":"-1"}},"name":"ASM_CODE","ns":"rw_uat_rr_dlr_1.RW_INV_VIEW_RET","background":true},{"v":{"$numberInt":"2"},"key":{"ACTIVE_STATUS":{"$numberInt":"-1"}},"name":"ACTIVE_STATUS","ns":"rw_uat_rr_dlr_1.RW_INV_VIEW_RET","background":true},{"v":{"$numberInt":"2"},"key":{"STOCK_NUMBER":{"$numberInt":"-1"}},"name":"STOCK_NUMBER","ns":"rw_uat_rr_dlr_1.RW_INV_VIEW_RET","background":true},{"v":{"$numberInt":"2"},"key":{"ENTERED_DATE":{"$numberInt":"-1"}},"name":"ENTERED_DATE","ns":"rw_uat_rr_dlr_1.RW_INV_VIEW_RET","background":true}],"uuid":"bc0a055b949a4a6c9210afd9bce995b7"}