{"options":{},"indexes":[{"v":{"$numberInt":"2"},"key":{"_id":{"$numberInt":"1"}},"name":"_id_","ns":"rw_uat_rr_dlr_1.RW_INVOICE_HEADERS"},{"v":{"$numberInt":"2"},"key":{"INVOICE_TYPE":{"$numberInt":"-1"}},"name":"INVOICE_TYPE","ns":"rw_uat_rr_dlr_1.RW_INVOICE_HEADERS","background":true},{"v":{"$numberInt":"2"},"key":{"ORDER_TO":{"$numberInt":"-1"}},"name":"ORDER_TO","ns":"rw_uat_rr_dlr_1.RW_INVOICE_HEADERS","background":true},{"v":{"$numberInt":"2"},"key":{"ASM_CODE":{"$numberInt":"-1"}},"name":"ASM_CODE","ns":"rw_uat_rr_dlr_1.RW_INVOICE_HEADERS","background":true},{"v":{"$numberInt":"2"},"key":{"RSM_CODE":{"$numberInt":"-1"}},"name":"RSM_CODE","ns":"rw_uat_rr_dlr_1.RW_INVOICE_HEADERS","background":true},{"v":{"$numberInt":"2"},"key":{"ZONAL_CODE":{"$numberInt":"-1"}},"name":"ZONAL_CODE","ns":"rw_uat_rr_dlr_1.RW_INVOICE_HEADERS","background":true},{"v":{"$numberInt":"2"},"key":{"CUSTOMER_ID":{"$numberInt":"-1"}},"name":"CUSTOMER_ID","ns":"rw_uat_rr_dlr_1.RW_INVOICE_HEADERS","background":true},{"v":{"$numberInt":"2"},"key":{"SUPPLIER_ID":{"$numberInt":"-1"}},"name":"SUPPLIER_ID","ns":"rw_uat_rr_dlr_1.RW_INVOICE_HEADERS","background":true},{"v":{"$numberInt":"2"},"key":{"CURRENT_APPROVAL_STATUS":{"$numberInt":"-1"}},"name":"CURRENT_APPROVAL_STATUS","ns":"rw_uat_rr_dlr_1.RW_INVOICE_HEADERS","background":true},{"v":{"$numberInt":"2"},"key":{"INVOICE_NUMBER":{"$numberInt":"-1"}},"name":"INVOICE_NUMBER","ns":"rw_uat_rr_dlr_1.RW_INVOICE_HEADERS","background":true},{"v":{"$numberInt":"2"},"key":{"INVOICE_LINES":{"$numberInt":"-1"}},"name":"INVOICE_LINES","ns":"rw_uat_rr_dlr_1.RW_INVOICE_HEADERS","background":true},{"v":{"$numberInt":"2"},"key":{"INVOICE_LINES.LINE_NUMBER":{"$numberInt":"-1"}},"name":"INVOICE_LINES.LINE_NUMBER","ns":"rw_uat_rr_dlr_1.RW_INVOICE_HEADERS","background":true},{"v":{"$numberInt":"2"},"key":{"INVOICE_LINES.RECORD_VIEW":{"$numberInt":"-1"}},"name":"INVOICE_LINES.RECORD_VIEW","ns":"rw_uat_rr_dlr_1.RW_INVOICE_HEADERS","background":true},{"v":{"$numberInt":"2"},"key":{"INVOICE_LINES.INVOICE_NUMBER":{"$numberInt":"-1"}},"name":"INVOICE_LINES.INVOICE_NUMBER","ns":"rw_uat_rr_dlr_1.RW_INVOICE_HEADERS","background":true}],"uuid":"a26b7d1699f4471786b78e2608f3c8fc"}