{"options":{},"indexes":[{"v":{"$numberInt":"2"},"key":{"_id":{"$numberInt":"1"}},"name":"_id_","ns":"rw_uat_rr_dlr_1.RW_LEDGER_CLOSING_BALANCE"},{"v":{"$numberInt":"2"},"key":{"ID":{"$numberInt":"-1"}},"name":"ID","ns":"rw_uat_rr_dlr_1.RW_LEDGER_CLOSING_BALANCE","background":true},{"v":{"$numberInt":"2"},"key":{"CUSTOMER_ID":{"$numberInt":"-1"}},"name":"CUSTOMER_ID","ns":"rw_uat_rr_dlr_1.RW_LEDGER_CLOSING_BALANCE","background":true},{"v":{"$numberInt":"2"},"key":{"CUSTOMER_CODE":{"$numberInt":"-1"}},"name":"CUSTOMER_CODE","ns":"rw_uat_rr_dlr_1.RW_LEDGER_CLOSING_BALANCE","background":true},{"v":{"$numberInt":"2"},"key":{"CUSTOMER_TYPE":{"$numberInt":"-1"}},"name":"CUSTOMER_TYPE","ns":"rw_uat_rr_dlr_1.RW_LEDGER_CLOSING_BALANCE","background":true},{"v":{"$numberInt":"2"},"key":{"DEALER_CODE":{"$numberInt":"-1"}},"name":"DEALER_CODE","ns":"rw_uat_rr_dlr_1.RW_LEDGER_CLOSING_BALANCE","background":true},{"v":{"$numberInt":"2"},"key":{"PARENT_ORGANISATION_ID":{"$numberInt":"-1"}},"name":"PARENT_ORGANISATION_ID","ns":"rw_uat_rr_dlr_1.RW_LEDGER_CLOSING_BALANCE","background":true},{"v":{"$numberInt":"2"},"key":{"PARENT_ORGANISATION_CODE":{"$numberInt":"-1"}},"name":"PARENT_ORGANISATION_CODE","ns":"rw_uat_rr_dlr_1.RW_LEDGER_CLOSING_BALANCE","background":true},{"v":{"$numberInt":"2"},"key":{"ACTIVE_STATUS":{"$numberInt":"-1"}},"name":"ACTIVE_STATUS","ns":"rw_uat_rr_dlr_1.RW_LEDGER_CLOSING_BALANCE","background":true},{"v":{"$numberInt":"2"},"key":{"FROM_DATE":{"$numberInt":"-1"}},"name":"FROM_DATE","ns":"rw_uat_rr_dlr_1.RW_LEDGER_CLOSING_BALANCE","background":true},{"v":{"$numberInt":"2"},"key":{"TO_DATE":{"$numberInt":"-1"}},"name":"TO_DATE","ns":"rw_uat_rr_dlr_1.RW_LEDGER_CLOSING_BALANCE","background":true}],"uuid":"1707575922204381ababbb4c10232323"}