{"options":{},"indexes":[{"v":{"$numberInt":"2"},"key":{"_id":{"$numberInt":"1"}},"name":"_id_","ns":"rw_uat_rr_dlr_1.RW_NOTIFICATION_MASTER"},{"v":{"$numberInt":"2"},"key":{"NOTIFICATION_NAME":{"$numberInt":"-1"}},"name":"NOTIFICATION_NAME","ns":"rw_uat_rr_dlr_1.RW_NOTIFICATION_MASTER","background":true},{"v":{"$numberInt":"2"},"key":{"ACTIVE_STATUS":{"$numberInt":"-1"}},"name":"ACTIVE_STATUS","ns":"rw_uat_rr_dlr_1.RW_NOTIFICATION_MASTER","background":true}],"uuid":"359b692077c74252bc36fef75b143f59"}