{"options":{},"indexes":[{"v":{"$numberInt":"2"},"key":{"_id":{"$numberInt":"1"}},"name":"_id_","ns":"rw_uat_rr_dlr_1.RW_NOTIFICATION_HEADER"},{"v":{"$numberInt":"2"},"key":{"NOTIFICATION_ID":{"$numberInt":"-1"}},"name":"NOTIFICATION_ID","ns":"rw_uat_rr_dlr_1.RW_NOTIFICATION_HEADER","background":true},{"v":{"$numberInt":"2"},"key":{"NOTIFICATION_RECEIVING_PARTY_CODE":{"$numberInt":"-1"}},"name":"NOTIFICATION_RECEIVING_PARTY_CODE","ns":"rw_uat_rr_dlr_1.RW_NOTIFICATION_HEADER","background":true},{"v":{"$numberInt":"2"},"key":{"REFERENCE_NUMBER":{"$numberInt":"-1"}},"name":"REFERENCE_NUMBER","ns":"rw_uat_rr_dlr_1.RW_NOTIFICATION_HEADER","background":true},{"v":{"$numberInt":"2"},"key":{"NOTIFICATION_STATUS":{"$numberInt":"-1"}},"name":"NOTIFICATION_STATUS","ns":"rw_uat_rr_dlr_1.RW_NOTIFICATION_HEADER","background":true},{"v":{"$numberInt":"2"},"key":{"CREATED_BY":{"$numberInt":"-1"}},"name":"CREATED_BY","ns":"rw_uat_rr_dlr_1.RW_NOTIFICATION_HEADER","background":true},{"v":{"$numberInt":"2"},"key":{"NOTIFICATION_LINES":{"$numberInt":"-1"}},"name":"NOTIFICATION_LINES","ns":"rw_uat_rr_dlr_1.RW_NOTIFICATION_HEADER","background":true},{"v":{"$numberInt":"2"},"key":{"NOTIFICATION_LINE_PAYMENT_DETAILES":{"$numberInt":"-1"}},"name":"NOTIFICATION_LINE_PAYMENT_DETAILES","ns":"rw_uat_rr_dlr_1.RW_NOTIFICATION_HEADER","background":true},{"v":{"$numberInt":"2"},"key":{"NOTIFICATION_LINES.NOTIFICATION_LINE_PAYMENT_DETAILES.PAYMENT_ID":{"$numberInt":"-1"}},"name":"NOTIFICATION_LINES.NOTIFICATION_LINE_PAYMENT_DETAILES.PAYMENT_ID","ns":"rw_uat_rr_dlr_1.RW_NOTIFICATION_HEADER","background":true},{"v":{"$numberInt":"2"},"key":{"NOTIFICATION_TYPE":{"$numberInt":"-1"}},"name":"NOTIFICATION_TYPE","ns":"rw_uat_rr_dlr_1.RW_NOTIFICATION_HEADER","background":true}],"uuid":"2012b0c78ab14289af9bc4f9e4ba0806"}