{"options":{},"indexes":[{"v":{"$numberInt":"2"},"key":{"_id":{"$numberInt":"1"}},"name":"_id_","ns":"rw_uat_rr_dlr_1.RW_PURCHASE_ORDER_HEADER"},{"v":{"$numberInt":"2"},"key":{"ASM_CODE":{"$numberInt":"-1"}},"name":"ASM_CODE","ns":"rw_uat_rr_dlr_1.RW_PURCHASE_ORDER_HEADER","background":true},{"v":{"$numberInt":"2"},"key":{"RSM_CODE":{"$numberInt":"-1"}},"name":"RSM_CODE","ns":"rw_uat_rr_dlr_1.RW_PURCHASE_ORDER_HEADER","background":true},{"v":{"$numberInt":"2"},"key":{"ZONAL_CODE":{"$numberInt":"-1"}},"name":"ZONAL_CODE","ns":"rw_uat_rr_dlr_1.RW_PURCHASE_ORDER_HEADER","background":true},{"v":{"$numberInt":"2"},"key":{"CREATED_BY":{"$numberInt":"-1"}},"name":"CREATED_BY","ns":"rw_uat_rr_dlr_1.RW_PURCHASE_ORDER_HEADER","background":true},{"v":{"$numberInt":"2"},"key":{"PURCHASE_ORDER_LINE":{"$numberInt":"-1"}},"name":"PURCHASE_ORDER_LINE","ns":"rw_uat_rr_dlr_1.RW_PURCHASE_ORDER_HEADER","background":true},{"v":{"$numberInt":"2"},"key":{"PURCHASE_ORDER_NUMBER":{"$numberInt":"-1"}},"name":"PURCHASE_ORDER_NUMBER","ns":"rw_uat_rr_dlr_1.RW_PURCHASE_ORDER_HEADER","background":true},{"v":{"$numberInt":"2"},"key":{"PURCHASE_ORDER_LINE.PURCHASE_ORDER_NUMBER":{"$numberInt":"-1"}},"name":"PURCHASE_ORDER_LINE.PURCHASE_ORDER_NUMBER","ns":"rw_uat_rr_dlr_1.RW_PURCHASE_ORDER_HEADER","background":true},{"v":{"$numberInt":"2"},"key":{"PURCHASE_ORDER_LINE.PURCHASE_ORDER_LINE_NUMBER":{"$numberInt":"-1"}},"name":"PURCHASE_ORDER_LINE.PURCHASE_ORDER_LINE_NUMBER","ns":"rw_uat_rr_dlr_1.RW_PURCHASE_ORDER_HEADER","background":true},{"v":{"$numberInt":"2"},"key":{"PURCHASE_ORDER_LINE.RECORD_VIEW":{"$numberInt":"-1"}},"name":"PURCHASE_ORDER_LINE.RECORD_VIEW","ns":"rw_uat_rr_dlr_1.RW_PURCHASE_ORDER_HEADER","background":true},{"v":{"$numberInt":"2"},"key":{"SUPPLIER_ID":{"$numberInt":"-1"}},"name":"SUPPLIER_ID","ns":"rw_uat_rr_dlr_1.RW_PURCHASE_ORDER_HEADER","background":true},{"v":{"$numberInt":"2"},"key":{"CURRENT_APPROVAL_STATUS":{"$numberInt":"-1"}},"name":"CURRENT_APPROVAL_STATUS","ns":"rw_uat_rr_dlr_1.RW_PURCHASE_ORDER_HEADER","background":true},{"v":{"$numberInt":"2"},"key":{"CUSTOMER_BILL_TO_SITE_CODE":{"$numberInt":"-1"}},"name":"CUSTOMER_BILL_TO_SITE_CODE","ns":"rw_uat_rr_dlr_1.RW_PURCHASE_ORDER_HEADER","background":true},{"v":{"$numberInt":"2"},"key":{"CUSTOMER_ID":{"$numberInt":"-1"}},"name":"CUSTOMER_ID","ns":"rw_uat_rr_dlr_1.RW_PURCHASE_ORDER_HEADER","background":true},{"v":{"$numberInt":"2"},"key":{"ORDER_TO":{"$numberInt":"-1"}},"name":"ORDER_TO","ns":"rw_uat_rr_dlr_1.RW_PURCHASE_ORDER_HEADER","background":true}],"uuid":"2594191522b442509e708eb01a546053"}