{"options":{},"indexes":[{"v":{"$numberInt":"2"},"key":{"_id":{"$numberInt":"1"}},"name":"_id_","ns":"rw_uat_rr_dlr_1.RW_PRODCATEGORY_MASTER"},{"v":{"$numberInt":"2"},"key":{"CATEGORY_ID":{"$numberInt":"-1"}},"name":"CATEGORY_ID","ns":"rw_uat_rr_dlr_1.RW_PRODCATEGORY_MASTER","background":true},{"v":{"$numberInt":"2"},"key":{"PRODTYPE_ID":{"$numberInt":"-1"}},"name":"PRODTYPE_ID","ns":"rw_uat_rr_dlr_1.RW_PRODCATEGORY_MASTER","background":true},{"v":{"$numberInt":"2"},"key":{"PRODLINE_ID":{"$numberInt":"-1"}},"name":"PRODLINE_ID","ns":"rw_uat_rr_dlr_1.RW_PRODCATEGORY_MASTER","background":true}],"uuid":"edb43146dd924bbcbed3e89740067495"}