{"options":{},"indexes":[{"v":{"$numberInt":"2"},"key":{"_id":{"$numberInt":"1"}},"name":"_id_","ns":"rw_uat_rr_dlr_1.RW_PROMOTIONS"},{"v":{"$numberInt":"2"},"key":{"PROMOTION_ID":{"$numberInt":"-1"}},"name":"PROMOTION_ID","ns":"rw_uat_rr_dlr_1.RW_PROMOTIONS","background":true},{"v":{"$numberInt":"2"},"key":{"PROMOTION_CODE":{"$numberInt":"-1"}},"name":"PROMOTION_CODE","ns":"rw_uat_rr_dlr_1.RW_PROMOTIONS","background":true},{"v":{"$numberInt":"2"},"key":{"SALE_OFFICE_TYPE":{"$numberInt":"-1"}},"name":"SALE_OFFICE_TYPE","ns":"rw_uat_rr_dlr_1.RW_PROMOTIONS","background":true},{"v":{"$numberInt":"2"},"key":{"SALE_OFFICE_CODE":{"$numberInt":"-1"}},"name":"SALE_OFFICE_CODE","ns":"rw_uat_rr_dlr_1.RW_PROMOTIONS","background":true},{"v":{"$numberInt":"2"},"key":{"PROMOTION_TYPE":{"$numberInt":"-1"}},"name":"PROMOTION_TYPE","ns":"rw_uat_rr_dlr_1.RW_PROMOTIONS","background":true},{"v":{"$numberInt":"2"},"key":{"PARENT_ORGANISATION_ID":{"$numberInt":"-1"}},"name":"PARENT_ORGANISATION_ID","ns":"rw_uat_rr_dlr_1.RW_PROMOTIONS","background":true},{"v":{"$numberInt":"2"},"key":{"PARENT_ORGANISATION_CODE":{"$numberInt":"-1"}},"name":"PARENT_ORGANISATION_CODE","ns":"rw_uat_rr_dlr_1.RW_PROMOTIONS","background":true},{"v":{"$numberInt":"2"},"key":{"DEALER_CODE":{"$numberInt":"-1"}},"name":"DEALER_CODE","ns":"rw_uat_rr_dlr_1.RW_PROMOTIONS","background":true},{"v":{"$numberInt":"2"},"key":{"ORGANIZATION_ID":{"$numberInt":"-1"}},"name":"ORGANIZATION_ID","ns":"rw_uat_rr_dlr_1.RW_PROMOTIONS","background":true},{"v":{"$numberInt":"2"},"key":{"ORGANIZATION_CODE":{"$numberInt":"-1"}},"name":"ORGANIZATION_CODE","ns":"rw_uat_rr_dlr_1.RW_PROMOTIONS","background":true},{"v":{"$numberInt":"2"},"key":{"ACTIVE_STATUS":{"$numberInt":"-1"}},"name":"ACTIVE_STATUS","ns":"rw_uat_rr_dlr_1.RW_PROMOTIONS","background":true},{"v":{"$numberInt":"2"},"key":{"PROMOTION_LINES":{"$numberInt":"-1"}},"name":"PROMOTION_LINES","ns":"rw_uat_rr_dlr_1.RW_PROMOTIONS","background":true},{"v":{"$numberInt":"2"},"key":{"PROMOTION_LINES.ITEM_CATEGORY_ID":{"$numberInt":"-1"}},"name":"PROMOTION_LINES.ITEM_CATEGORY_ID","ns":"rw_uat_rr_dlr_1.RW_PROMOTIONS","background":true},{"v":{"$numberInt":"2"},"key":{"PROMOTION_LINES.ITEM_CODE":{"$numberInt":"-1"}},"name":"PROMOTION_LINES.ITEM_CODE","ns":"rw_uat_rr_dlr_1.RW_PROMOTIONS","background":true},{"v":{"$numberInt":"2"},"key":{"PROMOTION_LINES.ITEM_ID":{"$numberInt":"-1"}},"name":"PROMOTION_LINES.ITEM_ID","ns":"rw_uat_rr_dlr_1.RW_PROMOTIONS","background":true},{"v":{"$numberInt":"2"},"key":{"PROMOTION_LINES.ACTIVE_STATUS":{"$numberInt":"-1"}},"name":"PROMOTION_LINES.ACTIVE_STATUS","ns":"rw_uat_rr_dlr_1.RW_PROMOTIONS","background":true},{"v":{"$numberInt":"2"},"key":{"PROMOTION_LINES.UOM_ID":{"$numberInt":"-1"}},"name":"PROMOTION_LINES.UOM_ID","ns":"rw_uat_rr_dlr_1.RW_PROMOTIONS","background":true},{"v":{"$numberInt":"2"},"key":{"PROMOTION_LINES.PRODUCT_IMAGES":{"$numberInt":"-1"}},"name":"PROMOTION_LINES.PRODUCT_IMAGES","ns":"rw_uat_rr_dlr_1.RW_PROMOTIONS","background":true},{"v":{"$numberInt":"2"},"key":{"PROMOTION_LINES.PRODUCT_IMAGES.PRODUCT_IMAGE_ID":{"$numberInt":"-1"}},"name":"PROMOTION_LINES.PRODUCT_IMAGES.PRODUCT_IMAGE_ID","ns":"rw_uat_rr_dlr_1.RW_PROMOTIONS","background":true},{"v":{"$numberInt":"2"},"key":{"PRODUCT_IMAGES":{"$numberInt":"-1"}},"name":"PRODUCT_IMAGES","ns":"rw_uat_rr_dlr_1.RW_PROMOTIONS","background":true}],"uuid":"57e1f779300f475ba23885fd5d7c9d87"}