{"options":{},"indexes":[{"v":{"$numberInt":"2"},"key":{"_id":{"$numberInt":"1"}},"name":"_id_","ns":"rw_uat_rr_dlr_1.RW_QRCODE_IDENTIFIER_MASTER"},{"v":{"$numberInt":"2"},"key":{"QR_ID":{"$numberInt":"-1"}},"name":"QR_ID","ns":"rw_uat_rr_dlr_1.RW_QRCODE_IDENTIFIER_MASTER","background":true},{"v":{"$numberInt":"2"},"key":{"UUID_NUMBER":{"$numberInt":"-1"}},"name":"UUID_NUMBER","ns":"rw_uat_rr_dlr_1.RW_QRCODE_IDENTIFIER_MASTER","background":true},{"v":{"$numberInt":"2"},"key":{"QRCODE_LINK":{"$numberInt":"-1"}},"name":"QRCODE_LINK","ns":"rw_uat_rr_dlr_1.RW_QRCODE_IDENTIFIER_MASTER","background":true},{"v":{"$numberInt":"2"},"key":{"ACTIVE_STATUS":{"$numberInt":"-1"}},"name":"ACTIVE_STATUS","ns":"rw_uat_rr_dlr_1.RW_QRCODE_IDENTIFIER_MASTER","background":true}],"uuid":"fc6aa9ad901547709f4410fa19f44bb9"}