{"options":{},"indexes":[{"v":{"$numberInt":"2"},"key":{"_id":{"$numberInt":"1"}},"name":"_id_","ns":"rw_uat_rr_dlr_1.RW_ROUTE_MANAGEMENT"},{"v":{"$numberInt":"2"},"unique":true,"key":{"ROUTE_ID":{"$numberInt":"1"}},"name":"RouteId","ns":"rw_uat_rr_dlr_1.RW_ROUTE_MANAGEMENT","background":false},{"v":{"$numberInt":"2"},"key":{"VISIT_ID":{"$numberInt":"-1"}},"name":"VISIT_ID","ns":"rw_uat_rr_dlr_1.RW_ROUTE_MANAGEMENT","background":true},{"v":{"$numberInt":"2"},"key":{"SALE_OFFICE_CODE":{"$numberInt":"-1"}},"name":"SALE_OFFICE_CODE","ns":"rw_uat_rr_dlr_1.RW_ROUTE_MANAGEMENT","background":true},{"v":{"$numberInt":"2"},"key":{"VISIT_BY_NAME":{"$numberInt":"-1"}},"name":"VISIT_BY_NAME","ns":"rw_uat_rr_dlr_1.RW_ROUTE_MANAGEMENT","background":true},{"v":{"$numberInt":"2"},"key":{"VISIT_BY_NAME.VISIT_BY_NAME":{"$numberInt":"-1"}},"name":"VISIT_BY_NAME.VISIT_BY_NAME","ns":"rw_uat_rr_dlr_1.RW_ROUTE_MANAGEMENT","background":true},{"v":{"$numberInt":"2"},"key":{"WEEK_DAY_ID":{"$numberInt":"-1"}},"name":"WEEK_DAY_ID","ns":"rw_uat_rr_dlr_1.RW_ROUTE_MANAGEMENT","background":true},{"v":{"$numberInt":"2"},"key":{"FREQUENCY_ID":{"$numberInt":"-1"}},"name":"FREQUENCY_ID","ns":"rw_uat_rr_dlr_1.RW_ROUTE_MANAGEMENT","background":true},{"v":{"$numberInt":"2"},"key":{"OCCURENCE_ID":{"$numberInt":"-1"}},"name":"OCCURENCE_ID","ns":"rw_uat_rr_dlr_1.RW_ROUTE_MANAGEMENT","background":true},{"v":{"$numberInt":"2"},"key":{"VISIT_BY":{"$numberInt":"-1"}},"name":"VISIT_BY","ns":"rw_uat_rr_dlr_1.RW_ROUTE_MANAGEMENT","background":true},{"v":{"$numberInt":"2"},"key":{"EMPLOYEE_CODE":{"$numberInt":"-1"}},"name":"EMPLOYEE_CODE","ns":"rw_uat_rr_dlr_1.RW_ROUTE_MANAGEMENT","background":true},{"v":{"$numberInt":"2"},"key":{"ACTIVE_STATUS":{"$numberInt":"-1"}},"name":"ACTIVE_STATUS","ns":"rw_uat_rr_dlr_1.RW_ROUTE_MANAGEMENT","background":true},{"v":{"$numberInt":"2"},"key":{"ORGANIZATION_CODE":{"$numberInt":"-1"}},"name":"ORGANIZATION_CODE","ns":"rw_uat_rr_dlr_1.RW_ROUTE_MANAGEMENT","background":true},{"v":{"$numberInt":"2"},"key":{"ORGANIZATION_ID":{"$numberInt":"-1"}},"name":"ORGANIZATION_ID","ns":"rw_uat_rr_dlr_1.RW_ROUTE_MANAGEMENT","background":true},{"v":{"$numberInt":"2"},"key":{"ROUTE_MANAGEMENT_LINE":{"$numberInt":"-1"}},"name":"ROUTE_MANAGEMENT_LINE","ns":"rw_uat_rr_dlr_1.RW_ROUTE_MANAGEMENT","background":true},{"v":{"$numberInt":"2"},"key":{"RW_ROUTE_MANAGEMENT_LINE.TYPE":{"$numberInt":"-1"}},"name":"ROUTE_MANAGEMENT_LINE.TYPE","ns":"rw_uat_rr_dlr_1.RW_ROUTE_MANAGEMENT","background":true},{"v":{"$numberInt":"2"},"key":{"RW_ROUTE_MANAGEMENT_LINE.VISIT_BY_ID":{"$numberInt":"-1"}},"name":"ROUTE_MANAGEMENT_LINE.VISIT_BY_ID","ns":"rw_uat_rr_dlr_1.RW_ROUTE_MANAGEMENT","background":true},{"v":{"$numberInt":"2"},"key":{"RW_ROUTE_MANAGEMENT_LINE.DATE":{"$numberInt":"-1"}},"name":"ROUTE_MANAGEMENT_LINE.DATE","ns":"rw_uat_rr_dlr_1.RW_ROUTE_MANAGEMENT","background":true},{"v":{"$numberInt":"2"},"key":{"RW_ROUTE_MANAGEMENT_LINE.VISIT_BY_SHIP_TO_SITE_CODE":{"$numberInt":"-1"}},"name":"ROUTE_MANAGEMENT_LINE.VISIT_BY_SHIP_TO_SITE_CODE","ns":"rw_uat_rr_dlr_1.RW_ROUTE_MANAGEMENT","background":true},{"v":{"$numberInt":"2"},"key":{"RW_ROUTE_MANAGEMENT_LINE.VISIT_BY_CODE":{"$numberInt":"-1"}},"name":"ROUTE_MANAGEMENT_LINE.VISIT_BY_CODE","ns":"rw_uat_rr_dlr_1.RW_ROUTE_MANAGEMENT","background":true},{"v":{"$numberInt":"2"},"key":{"VISIT_BY_LIST":{"$numberInt":"-1"}},"name":"VISIT_BY_LIST","ns":"rw_uat_rr_dlr_1.RW_ROUTE_MANAGEMENT","background":true},{"v":{"$numberInt":"2"},"key":{"VISIT_BY_LIST.BEAT_NAME":{"$numberInt":"-1"}},"name":"VISIT_BY_LIST.BEAT_NAME","ns":"rw_uat_rr_dlr_1.RW_ROUTE_MANAGEMENT","background":true},{"v":{"$numberInt":"2"},"key":{"VISIT_BY_LIST.TYPE":{"$numberInt":"-1"}},"name":"VISIT_BY_LIST.TYPE","ns":"rw_uat_rr_dlr_1.RW_ROUTE_MANAGEMENT","background":true},{"v":{"$numberInt":"2"},"key":{"VISIT_BY_LIST.VISIT_BY_ID":{"$numberInt":"-1"}},"name":"VISIT_BY_LIST.VISIT_BY_ID","ns":"rw_uat_rr_dlr_1.RW_ROUTE_MANAGEMENT","background":true},{"v":{"$numberInt":"2"},"key":{"VISIT_BY_LIST.VISIT_BY_SHIP_TO_SITE_CODE":{"$numberInt":"-1"}},"name":"VISIT_BY_LIST.VISIT_BY_SHIP_TO_SITE_CODE","ns":"rw_uat_rr_dlr_1.RW_ROUTE_MANAGEMENT","background":true},{"v":{"$numberInt":"2"},"key":{"VISIT_BY_LIST.VISIT_BY_CODE":{"$numberInt":"-1"}},"name":"VISIT_BY_LIST.VISIT_BY_CODE","ns":"rw_uat_rr_dlr_1.RW_ROUTE_MANAGEMENT","background":true}],"uuid":"8b1135a9e9c841a5ac860c6804062446"}