{"options":{},"indexes":[{"v":{"$numberInt":"2"},"key":{"_id":{"$numberInt":"1"}},"name":"_id_","ns":"rw_uat_rr_dlr_1.RW_REGIONAL_SALES_OFFICE"},{"v":{"$numberInt":"2"},"key":{"STATE_ID":{"$numberInt":"-1"}},"name":"STATE_ID","ns":"rw_uat_rr_dlr_1.RW_REGIONAL_SALES_OFFICE","background":true},{"v":{"$numberInt":"2"},"key":{"DISTRICT_ID":{"$numberInt":"-1"}},"name":"DISTRICT_ID","ns":"rw_uat_rr_dlr_1.RW_REGIONAL_SALES_OFFICE","background":true},{"v":{"$numberInt":"2"},"key":{"AREA_ID":{"$numberInt":"-1"}},"name":"AREA_ID","ns":"rw_uat_rr_dlr_1.RW_REGIONAL_SALES_OFFICE","background":true},{"v":{"$numberInt":"2"},"key":{"REGIONAL_OFFICE_CODE":{"$numberInt":"-1"}},"name":"REGIONAL_OFFICE_CODE","ns":"rw_uat_rr_dlr_1.RW_REGIONAL_SALES_OFFICE","background":true},{"v":{"$numberInt":"2"},"key":{"ORGANIZATION_CODE":{"$numberInt":"-1"}},"name":"ORGANIZATION_CODE","ns":"rw_uat_rr_dlr_1.RW_REGIONAL_SALES_OFFICE","background":true},{"v":{"$numberInt":"2"},"key":{"REGIONAL_ID":{"$numberInt":"-1"}},"name":"REGIONAL_ID","ns":"rw_uat_rr_dlr_1.RW_REGIONAL_SALES_OFFICE","background":true},{"v":{"$numberInt":"2"},"key":{"PARTY_SALES_TYPE":{"$numberInt":"-1"}},"name":"PARTY_SALES_TYPE","ns":"rw_uat_rr_dlr_1.RW_REGIONAL_SALES_OFFICE","background":true},{"v":{"$numberInt":"2"},"key":{"ORGANIZATION_ID":{"$numberInt":"-1"}},"name":"ORGANIZATION_ID","ns":"rw_uat_rr_dlr_1.RW_REGIONAL_SALES_OFFICE","background":true},{"v":{"$numberInt":"2"},"key":{"ZONAL_CODE":{"$numberInt":"-1"}},"name":"ZONAL_CODE","ns":"rw_uat_rr_dlr_1.RW_REGIONAL_SALES_OFFICE","background":true},{"v":{"$numberInt":"2"},"key":{"ZONAL_ID":{"$numberInt":"-1"}},"name":"ZONAL_ID","ns":"rw_uat_rr_dlr_1.RW_REGIONAL_SALES_OFFICE","background":true},{"v":{"$numberInt":"2"},"key":{"ACTIVE_STATUS":{"$numberInt":"-1"}},"name":"ACTIVE_STATUS","ns":"rw_uat_rr_dlr_1.RW_REGIONAL_SALES_OFFICE","background":true}],"uuid":"97fdec3037ad4404803ae1a8be3bafe0"}