{"options":{},"indexes":[{"v":{"$numberInt":"2"},"key":{"_id":{"$numberInt":"1"}},"name":"_id_","ns":"rw_uat_rr_dlr_1.RW_REFERENCE_GRN"},{"v":{"$numberInt":"2"},"key":{"GOODS_RECEIPT_NOTE_NUMBER":{"$numberInt":"-1"}},"name":"GOODS_RECEIPT_NOTE_NUMBER","ns":"rw_uat_rr_dlr_1.RW_REFERENCE_GRN","background":true},{"v":{"$numberInt":"2"},"key":{"PURCHASE_ORDER_LINE_NUMBER":{"$numberInt":"-1"}},"name":"PURCHASE_ORDER_LINE_NUMBER","ns":"rw_uat_rr_dlr_1.RW_REFERENCE_GRN","background":true},{"v":{"$numberInt":"2"},"key":{"FWL_GRN_LINE_BATCH_IDENTIFIER":{"$numberInt":"-1"}},"name":"FWL_GRN_LINE_BATCH_IDENTIFIER","ns":"rw_uat_rr_dlr_1.RW_REFERENCE_GRN","background":true},{"v":{"$numberInt":"2"},"key":{"ACTIVE_STATUS":{"$numberInt":"-1"}},"name":"ACTIVE_STATUS","ns":"rw_uat_rr_dlr_1.RW_REFERENCE_GRN","background":true},{"v":{"$numberInt":"2"},"key":{"FWL_GRN_LINE_BATCH_IDENTIFIER.GOODS_RECEIPT_NOTE_NUMBER":{"$numberInt":"-1"}},"name":"FWL_GRN_LINE_BATCH_IDENTIFIER.GOODS_RECEIPT_NOTE_NUMBER","ns":"rw_uat_rr_dlr_1.RW_REFERENCE_GRN","background":true},{"v":{"$numberInt":"2"},"key":{"FWL_GRN_LINE_BATCH_IDENTIFIER.PURCHASE_ORDER_LINE_NUMBER":{"$numberInt":"-1"}},"name":"FWL_GRN_LINE_BATCH_IDENTIFIER.PURCHASE_ORDER_LINE_NUMBER","ns":"rw_uat_rr_dlr_1.RW_REFERENCE_GRN","background":true}],"uuid":"17629097ff494583bfb4fabc2ef7d6ca"}