{"options":{},"indexes":[{"v":{"$numberInt":"2"},"key":{"_id":{"$numberInt":"1"}},"name":"_id_","ns":"rw_uat_rr_dlr_1.RW_RWL_GOODS_RECEIPT_NOTE_HEADER"},{"v":{"$numberInt":"2"},"key":{"RETURN_NUMBER":{"$numberInt":"-1"}},"name":"RETURN_NUMBER","ns":"rw_uat_rr_dlr_1.RW_RWL_GOODS_RECEIPT_NOTE_HEADER","background":true},{"v":{"$numberInt":"2"},"key":{"SUPPLIER_ID":{"$numberInt":"-1"}},"name":"SUPPLIER_ID","ns":"rw_uat_rr_dlr_1.RW_RWL_GOODS_RECEIPT_NOTE_HEADER","background":true},{"v":{"$numberInt":"2"},"key":{"RWL_GOODS_RECEIPT_NOTE_LINES":{"$numberInt":"-1"}},"name":"RWL_GOODS_RECEIPT_NOTE_LINES","ns":"rw_uat_rr_dlr_1.RW_RWL_GOODS_RECEIPT_NOTE_HEADER","background":true},{"v":{"$numberInt":"2"},"key":{"RWL_GOODS_RECEIPT_NOTE_LINES.RETURN_NUMBER":{"$numberInt":"-1"}},"name":"RWL_GOODS_RECEIPT_NOTE_LINES.RETURN_NUMBER","ns":"rw_uat_rr_dlr_1.RW_RWL_GOODS_RECEIPT_NOTE_HEADER","background":true},{"v":{"$numberInt":"2"},"key":{"RWL_GOODS_RECEIPT_NOTE_LINES.PURCHASE_ORDER_LINE_NUMBER":{"$numberInt":"-1"}},"name":"RWL_GOODS_RECEIPT_NOTE_LINES.PURCHASE_ORDER_LINE_NUMBER","ns":"rw_uat_rr_dlr_1.RW_RWL_GOODS_RECEIPT_NOTE_HEADER","background":true},{"v":{"$numberInt":"2"},"key":{"RWL_GOODS_RECEIPT_NOTE_LINES.RETURN_LINE_NUMBER":{"$numberInt":"-1"}},"name":"RWL_GOODS_RECEIPT_NOTE_LINES.RETURN_LINE_NUMBER","ns":"rw_uat_rr_dlr_1.RW_RWL_GOODS_RECEIPT_NOTE_HEADER","background":true},{"v":{"$numberInt":"2"},"key":{"CUSTOMER_ID":{"$numberInt":"-1"}},"name":"CUSTOMER_ID","ns":"rw_uat_rr_dlr_1.RW_RWL_GOODS_RECEIPT_NOTE_HEADER","background":true},{"v":{"$numberInt":"2"},"key":{"WITH_INVOICE":{"$numberInt":"-1"}},"name":"WITH_INVOICE","ns":"rw_uat_rr_dlr_1.RW_RWL_GOODS_RECEIPT_NOTE_HEADER","background":true},{"v":{"$numberInt":"2"},"key":{"RETURN_DOCUMENT_TYPE":{"$numberInt":"-1"}},"name":"RETURN_DOCUMENT_TYPE","ns":"rw_uat_rr_dlr_1.RW_RWL_GOODS_RECEIPT_NOTE_HEADER","background":true},{"v":{"$numberInt":"2"},"key":{"RETURN_STATUS":{"$numberInt":"-1"}},"name":"RETURN_STATUS","ns":"rw_uat_rr_dlr_1.RW_RWL_GOODS_RECEIPT_NOTE_HEADER","background":true},{"v":{"$numberInt":"2"},"key":{"CUSTOMER_BILL_TO_SITE_CODE":{"$numberInt":"-1"}},"name":"CUSTOMER_BILL_TO_SITE_CODE","ns":"rw_uat_rr_dlr_1.RW_RWL_GOODS_RECEIPT_NOTE_HEADER","background":true},{"v":{"$numberInt":"2"},"key":{"ASM_CODE":{"$numberInt":"-1"}},"name":"ASM_CODE","ns":"rw_uat_rr_dlr_1.RW_RWL_GOODS_RECEIPT_NOTE_HEADER","background":true},{"v":{"$numberInt":"2"},"key":{"ORDER_TO":{"$numberInt":"-1"}},"name":"ORDER_TO","ns":"rw_uat_rr_dlr_1.RW_RWL_GOODS_RECEIPT_NOTE_HEADER","background":true},{"v":{"$numberInt":"2"},"key":{"RSM_CODE":{"$numberInt":"-1"}},"name":"RSM_CODE","ns":"rw_uat_rr_dlr_1.RW_RWL_GOODS_RECEIPT_NOTE_HEADER","background":true},{"v":{"$numberInt":"2"},"key":{"ZONAL_CODE":{"$numberInt":"-1"}},"name":"ZONAL_CODE","ns":"rw_uat_rr_dlr_1.RW_RWL_GOODS_RECEIPT_NOTE_HEADER","background":true}],"uuid":"b14dbd768be64e56af29d50df081f0ce"}