{"options":{},"indexes":[{"v":{"$numberInt":"2"},"key":{"_id":{"$numberInt":"1"}},"name":"_id_","ns":"rw_uat_rr_dlr_1.RW_REFERENCE_DELIVERY"},{"v":{"$numberInt":"2"},"key":{"DELIVERY_ORDER_NUMBER":{"$numberInt":"-1"}},"name":"DELIVERY_ORDER_NUMBER","ns":"rw_uat_rr_dlr_1.RW_REFERENCE_DELIVERY","background":true},{"v":{"$numberInt":"2"},"key":{"DELIVERY_ORDER_LINE_NUMBER":{"$numberInt":"-1"}},"name":"DELIVERY_ORDER_LINE_NUMBER","ns":"rw_uat_rr_dlr_1.RW_REFERENCE_DELIVERY","background":true},{"v":{"$numberInt":"2"},"key":{"ACTIVE_STATUS":{"$numberInt":"-1"}},"name":"ACTIVE_STATUS","ns":"rw_uat_rr_dlr_1.RW_REFERENCE_DELIVERY","background":true},{"v":{"$numberInt":"2"},"key":{"DELIVERY_ORDER_BATCH_IDENTIFIERS":{"$numberInt":"-1"}},"name":"DELIVERY_ORDER_BATCH_IDENTIFIERS","ns":"rw_uat_rr_dlr_1.RW_REFERENCE_DELIVERY","background":true},{"v":{"$numberInt":"2"},"key":{"DELIVERY_ORDER_BATCH_IDENTIFIERS.DELIVERY_ORDER_NUMBER":{"$numberInt":"-1"}},"name":"DELIVERY_ORDER_BATCH_IDENTIFIERS.DELIVERY_ORDER_NUMBER","ns":"rw_uat_rr_dlr_1.RW_REFERENCE_DELIVERY","background":true},{"v":{"$numberInt":"2"},"key":{"DELIVERY_ORDER_BATCH_IDENTIFIERS.DELIVERY_ORDER_LINE_NUMBER":{"$numberInt":"-1"}},"name":"DELIVERY_ORDER_BATCH_IDENTIFIERS.DELIVERY_ORDER_LINE_NUMBER","ns":"rw_uat_rr_dlr_1.RW_REFERENCE_DELIVERY","background":true}],"uuid":"5202fac5ee3a422bbb6d8f017b539bf3"}