{"options":{},"indexes":[{"v":{"$numberInt":"2"},"key":{"_id":{"$numberInt":"1"}},"name":"_id_","ns":"rw_uat_rr_dlr_1.RW_SALES_TARGET"},{"v":{"$numberInt":"2"},"key":{"SALES_TARGET_ID":{"$numberInt":"-1"}},"name":"SALES_TARGET_ID","ns":"rw_uat_rr_dlr_1.RW_SALES_TARGET","background":true},{"v":{"$numberInt":"2"},"key":{"ORGANIZATION_ID":{"$numberInt":"-1"}},"name":"ORGANIZATION_ID","ns":"rw_uat_rr_dlr_1.RW_SALES_TARGET","background":true},{"v":{"$numberInt":"2"},"key":{"ACTIVE_STATUS":{"$numberInt":"-1"}},"name":"ACTIVE_STATUS","ns":"rw_uat_rr_dlr_1.RW_SALES_TARGET","background":true},{"v":{"$numberInt":"2"},"key":{"SALES_TARGET_TYPE_ID":{"$numberInt":"-1"}},"name":"SALES_TARGET_TYPE_ID","ns":"rw_uat_rr_dlr_1.RW_SALES_TARGET","background":true},{"v":{"$numberInt":"2"},"key":{"PARTY_SALE_TYPE":{"$numberInt":"-1"}},"name":"PARTY_SALE_TYPE","ns":"rw_uat_rr_dlr_1.RW_SALES_TARGET","background":true},{"v":{"$numberInt":"2"},"key":{"ITEM_CATEGORY_ID":{"$numberInt":"-1"}},"name":"ITEM_CATEGORY_ID","ns":"rw_uat_rr_dlr_1.RW_SALES_TARGET","background":true},{"v":{"$numberInt":"2"},"key":{"ITEM_ID":{"$numberInt":"-1"}},"name":"ITEM_ID","ns":"rw_uat_rr_dlr_1.RW_SALES_TARGET","background":true},{"v":{"$numberInt":"2"},"key":{"ITEM_CODE":{"$numberInt":"-1"}},"name":"ITEM_CODE","ns":"rw_uat_rr_dlr_1.RW_SALES_TARGET","background":true},{"v":{"$numberInt":"2"},"key":{"SALES_OFFICE_CODE":{"$numberInt":"-1"}},"name":"SALES_OFFICE_CODE","ns":"rw_uat_rr_dlr_1.RW_SALES_TARGET","background":true},{"v":{"$numberInt":"2"},"key":{"LINK_ZONAL_OFFICE_CODE":{"$numberInt":"-1"}},"name":"LINK_ZONAL_OFFICE_CODE","ns":"rw_uat_rr_dlr_1.RW_SALES_TARGET","background":true},{"v":{"$numberInt":"2"},"key":{"LINK_REGIONAL_OFFICE_CODE":{"$numberInt":"-1"}},"name":"LINK_REGIONAL_OFFICE_CODE","ns":"rw_uat_rr_dlr_1.RW_SALES_TARGET","background":true},{"v":{"$numberInt":"2"},"key":{"LINK_AREA_OFFICE_CODE":{"$numberInt":"-1"}},"name":"LINK_AREA_OFFICE_CODE","ns":"rw_uat_rr_dlr_1.RW_SALES_TARGET","background":true},{"v":{"$numberInt":"2"},"key":{"SALES_TARGET_LINES":{"$numberInt":"-1"}},"name":"SALES_TARGET_LINES","ns":"rw_uat_rr_dlr_1.RW_SALES_TARGET","background":true},{"v":{"$numberInt":"2"},"key":{"SALES_TARGET_LINES.SALES_TARGET_ID":{"$numberInt":"-1"}},"name":"SALES_TARGET_LINES.SALES_TARGET_ID","ns":"rw_uat_rr_dlr_1.RW_SALES_TARGET","background":true},{"v":{"$numberInt":"2"},"key":{"SALES_TARGET_LINES.SALES_TARGET_LINE_ID":{"$numberInt":"-1"}},"name":"SALES_TARGET_LINES.SALES_TARGET_LINE_ID","ns":"rw_uat_rr_dlr_1.RW_SALES_TARGET","background":true},{"v":{"$numberInt":"2"},"key":{"SALES_TARGET_LINES.ITEM_ID":{"$numberInt":"-1"}},"name":"SALES_TARGET_LINES.ITEM_ID","ns":"rw_uat_rr_dlr_1.RW_SALES_TARGET","background":true},{"v":{"$numberInt":"2"},"key":{"SALES_TARGET_LINES.ITEM_CODE":{"$numberInt":"-1"}},"name":"SALES_TARGET_LINES.ITEM_CODE","ns":"rw_uat_rr_dlr_1.RW_SALES_TARGET","background":true}],"uuid":"d2c5e105de5f45da907401df7a8f0391"}