{"options":{},"indexes":[{"v":{"$numberInt":"2"},"key":{"_id":{"$numberInt":"1"}},"name":"_id_","ns":"rw_uat_rr_dlr_1.RW_SALE_VALUE_SCHEMES"},{"v":{"$numberInt":"2"},"key":{"SALE_VALUE_SCHEME_ID":{"$numberInt":"-1"}},"name":"SALE_VALUE_SCHEME_ID","ns":"rw_uat_rr_dlr_1.RW_SALE_VALUE_SCHEMES","background":true},{"v":{"$numberInt":"2"},"key":{"SCHEME_ID":{"$numberInt":"-1"}},"name":"SCHEME_ID","ns":"rw_uat_rr_dlr_1.RW_SALE_VALUE_SCHEMES","background":true},{"v":{"$numberInt":"2"},"key":{"SCHEME_LINE_ID":{"$numberInt":"-1"}},"name":"SCHEME_LINE_ID","ns":"rw_uat_rr_dlr_1.RW_SALE_VALUE_SCHEMES","background":true},{"v":{"$numberInt":"2"},"key":{"SCHEME_TYPE":{"$numberInt":"-1"}},"name":"SCHEME_TYPE","ns":"rw_uat_rr_dlr_1.RW_SALE_VALUE_SCHEMES","background":true},{"v":{"$numberInt":"2"},"key":{"INVOICES_LIST":{"$numberInt":"-1"}},"name":"INVOICES_LIST","ns":"rw_uat_rr_dlr_1.RW_SALE_VALUE_SCHEMES","background":true},{"v":{"$numberInt":"2"},"key":{"INVOICES_LIST.INVOICE_NUMBER":{"$numberInt":"-1"}},"name":"INVOICES_LIST.INVOICE_NUMBER","ns":"rw_uat_rr_dlr_1.RW_SALE_VALUE_SCHEMES","background":true},{"v":{"$numberInt":"2"},"key":{"INVOICES_LIST.INVOICE_LINE_NUMBER":{"$numberInt":"-1"}},"name":"INVOICES_LIST.INVOICE_LINE_NUMBER","ns":"rw_uat_rr_dlr_1.RW_SALE_VALUE_SCHEMES","background":true},{"v":{"$numberInt":"2"},"key":{"SCHEME_ITEM_ID":{"$numberInt":"-1"}},"name":"SCHEME_ITEM_ID","ns":"rw_uat_rr_dlr_1.RW_SALE_VALUE_SCHEMES","background":true},{"v":{"$numberInt":"2"},"key":{"SCHEME_ITEM_CODE":{"$numberInt":"-1"}},"name":"SCHEME_ITEM_CODE","ns":"rw_uat_rr_dlr_1.RW_SALE_VALUE_SCHEMES","background":true},{"v":{"$numberInt":"2"},"key":{"SCHEME_ITEM_UOM_ID":{"$numberInt":"-1"}},"name":"SCHEME_ITEM_UOM_ID","ns":"rw_uat_rr_dlr_1.RW_SALE_VALUE_SCHEMES","background":true},{"v":{"$numberInt":"2"},"key":{"SUPPLIER_ID":{"$numberInt":"-1"}},"name":"SUPPLIER_ID","ns":"rw_uat_rr_dlr_1.RW_SALE_VALUE_SCHEMES","background":true},{"v":{"$numberInt":"2"},"key":{"CUSTOMER_ID":{"$numberInt":"-1"}},"name":"CUSTOMER_ID","ns":"rw_uat_rr_dlr_1.RW_SALE_VALUE_SCHEMES","background":true},{"v":{"$numberInt":"2"},"key":{"ACTIVE_STATUS":{"$numberInt":"-1"}},"name":"ACTIVE_STATUS","ns":"rw_uat_rr_dlr_1.RW_SALE_VALUE_SCHEMES","background":true}],"uuid":"a8561d810a384956933552a925aa794f"}