{"options":{},"indexes":[{"v":{"$numberInt":"2"},"key":{"_id":{"$numberInt":"1"}},"name":"_id_","ns":"rw_uat_rr_dlr_1.RW_SALES_OUTLETCOVERAGE"},{"v":{"$numberInt":"2"},"key":{"ID":{"$numberInt":"-1"}},"name":"ID","ns":"rw_uat_rr_dlr_1.RW_SALES_OUTLETCOVERAGE","background":true},{"v":{"$numberInt":"2"},"key":{"EMPLOYEE_ID":{"$numberInt":"-1"}},"name":"EMPLOYEE_ID","ns":"rw_uat_rr_dlr_1.RW_SALES_OUTLETCOVERAGE","background":true},{"v":{"$numberInt":"2"},"key":{"ORGANIZATION_ID":{"$numberInt":"-1"}},"name":"ORGANIZATION_ID","ns":"rw_uat_rr_dlr_1.RW_SALES_OUTLETCOVERAGE","background":true},{"v":{"$numberInt":"2"},"key":{"DATE":{"$numberInt":"-1"}},"name":"DATE","ns":"rw_uat_rr_dlr_1.RW_SALES_OUTLETCOVERAGE","background":true},{"v":{"$numberInt":"2"},"key":{"VISIT_TYPE":{"$numberInt":"-1"}},"name":"VISIT_TYPE","ns":"rw_uat_rr_dlr_1.RW_SALES_OUTLETCOVERAGE","background":true},{"v":{"$numberInt":"2"},"key":{"VISIT_SHIP_TO_SITE_CODE":{"$numberInt":"-1"}},"name":"VISIT_SHIP_TO_SITE_CODE","ns":"rw_uat_rr_dlr_1.RW_SALES_OUTLETCOVERAGE","background":true},{"v":{"$numberInt":"2"},"key":{"VISIT_ID":{"$numberInt":"-1"}},"name":"VISIT_ID","ns":"rw_uat_rr_dlr_1.RW_SALES_OUTLETCOVERAGE","background":true},{"v":{"$numberInt":"2"},"key":{"VISIT_STATUS":{"$numberInt":"-1"}},"name":"VISIT_STATUS","ns":"rw_uat_rr_dlr_1.RW_SALES_OUTLETCOVERAGE","background":true},{"v":{"$numberInt":"2"},"key":{"ZONAL_CODE":{"$numberInt":"-1"}},"name":"ZONAL_CODE","ns":"rw_uat_rr_dlr_1.RW_SALES_OUTLETCOVERAGE","background":true},{"v":{"$numberInt":"2"},"key":{"RSM_CODE":{"$numberInt":"-1"}},"name":"RSM_CODE","ns":"rw_uat_rr_dlr_1.RW_SALES_OUTLETCOVERAGE","background":true},{"v":{"$numberInt":"2"},"key":{"ASM_CODE":{"$numberInt":"-1"}},"name":"ASM_CODE","ns":"rw_uat_rr_dlr_1.RW_SALES_OUTLETCOVERAGE","background":true},{"v":{"$numberInt":"2"},"key":{"SALES_OFFICE_CODE":{"$numberInt":"-1"}},"name":"SALES_OFFICE_CODE","ns":"rw_uat_rr_dlr_1.RW_SALES_OUTLETCOVERAGE","background":true},{"v":{"$numberInt":"2"},"key":{"CREATED_BY":{"$numberInt":"-1"}},"name":"CREATED_BY","ns":"rw_uat_rr_dlr_1.RW_SALES_OUTLETCOVERAGE","background":true}],"uuid":"493b5cfff7f54e13afbfd8062660c788"}