{"options":{},"indexes":[{"v":{"$numberInt":"2"},"key":{"_id":{"$numberInt":"1"}},"name":"_id_","ns":"rw_uat_rr_dlr_1.RW_SCHEMES_DISCOUNTS"},{"v":{"$numberInt":"2"},"key":{"SCHEME_ID":{"$numberInt":"-1"}},"name":"SCHEME_ID","ns":"rw_uat_rr_dlr_1.RW_SCHEMES_DISCOUNTS","background":true},{"v":{"$numberInt":"2"},"key":{"ORGANIZATION_ID":{"$numberInt":"-1"}},"name":"ORGANIZATION_ID","ns":"rw_uat_rr_dlr_1.RW_SCHEMES_DISCOUNTS","background":true},{"v":{"$numberInt":"2"},"key":{"SCHEME_BETWEEN":{"$numberInt":"-1"}},"name":"SCHEME_BETWEEN","ns":"rw_uat_rr_dlr_1.RW_SCHEMES_DISCOUNTS","background":true},{"v":{"$numberInt":"2"},"key":{"SCHEME_ACTIVE_STATUS":{"$numberInt":"-1"}},"name":"SCHEME_ACTIVE_STATUS","ns":"rw_uat_rr_dlr_1.RW_SCHEMES_DISCOUNTS","background":true},{"v":{"$numberInt":"2"},"key":{"CREATED_BY_PARTY_SALE_TYPE":{"$numberInt":"-1"}},"name":"CREATED_BY_PARTY_SALE_TYPE","ns":"rw_uat_rr_dlr_1.RW_SCHEMES_DISCOUNTS","background":true},{"v":{"$numberInt":"2"},"key":{"SCHEME_LINES":{"$numberInt":"-1"}},"name":"SCHEME_LINES","ns":"rw_uat_rr_dlr_1.RW_SCHEMES_DISCOUNTS","background":true},{"v":{"$numberInt":"2"},"key":{"SCHEME_LINES.SCHEME_ID":{"$numberInt":"-1"}},"name":"SCHEME_LINES.SCHEME_ID","ns":"rw_uat_rr_dlr_1.RW_SCHEMES_DISCOUNTS","background":true},{"v":{"$numberInt":"2"},"key":{"SCHEME_LINES.SCHEME_LINE_ACTIVE_STATUS":{"$numberInt":"-1"}},"name":"SCHEME_LINES.SCHEME_LINE_ACTIVE_STATUS","ns":"rw_uat_rr_dlr_1.RW_SCHEMES_DISCOUNTS","background":true},{"v":{"$numberInt":"2"},"key":{"SCHEME_LINES.SCHEME_LINE_ID":{"$numberInt":"-1"}},"name":"SCHEME_LINES.SCHEME_LINE_ID","ns":"rw_uat_rr_dlr_1.RW_SCHEMES_DISCOUNTS","background":true},{"v":{"$numberInt":"2"},"key":{"SALES_OFFICE_CODES":{"$numberInt":"-1"}},"name":"SALES_OFFICE_CODES","ns":"rw_uat_rr_dlr_1.RW_SCHEMES_DISCOUNTS","background":true},{"v":{"$numberInt":"2"},"key":{"DEALER_LIST":{"$numberInt":"-1"}},"name":"DEALER_LIST","ns":"rw_uat_rr_dlr_1.RW_SCHEMES_DISCOUNTS","background":true},{"v":{"$numberInt":"2"},"key":{"RETAILER_LIST":{"$numberInt":"-1"}},"name":"RETAILER_LIST","ns":"rw_uat_rr_dlr_1.RW_SCHEMES_DISCOUNTS","background":true}],"uuid":"c1a78b83f6b04e8e8ff5049e3140a6c8"}