{"options":{},"indexes":[{"v":{"$numberInt":"2"},"key":{"_id":{"$numberInt":"1"}},"name":"_id_","ns":"rw_uat_rr_dlr_1.RW_STORAGE_LOCATION_MASTER"},{"v":{"$numberInt":"2"},"key":{"AREA_ID":{"$numberInt":"-1"}},"name":"AREA_ID","ns":"rw_uat_rr_dlr_1.RW_STORAGE_LOCATION_MASTER","background":true},{"v":{"$numberInt":"2"},"key":{"STATE_ID":{"$numberInt":"-1"}},"name":"STATE_ID","ns":"rw_uat_rr_dlr_1.RW_STORAGE_LOCATION_MASTER","background":true},{"v":{"$numberInt":"2"},"key":{"DISTRICT_ID":{"$numberInt":"-1"}},"name":"DISTRICT_ID","ns":"rw_uat_rr_dlr_1.RW_STORAGE_LOCATION_MASTER","background":true},{"v":{"$numberInt":"2"},"key":{"ORGANIZATION_CODE":{"$numberInt":"-1"}},"name":"ORGANIZATION_CODE","ns":"rw_uat_rr_dlr_1.RW_STORAGE_LOCATION_MASTER","background":true},{"v":{"$numberInt":"2"},"key":{"REGIONAL_OFFICE_CODE":{"$numberInt":"-1"}},"name":"REGIONAL_OFFICE_CODE","ns":"rw_uat_rr_dlr_1.RW_STORAGE_LOCATION_MASTER","background":true},{"v":{"$numberInt":"2"},"key":{"ZONAL_CODE":{"$numberInt":"-1"}},"name":"ZONAL_CODE","ns":"rw_uat_rr_dlr_1.RW_STORAGE_LOCATION_MASTER","background":true},{"v":{"$numberInt":"2"},"key":{"STORAGE_LOCATION_CODE":{"$numberInt":"-1"}},"name":"STORAGE_LOCATION_CODE","ns":"rw_uat_rr_dlr_1.RW_STORAGE_LOCATION_MASTER","background":true},{"v":{"$numberInt":"2"},"key":{"STORAGE_LOCATION_ID":{"$numberInt":"-1"}},"name":"STORAGE_LOCATION_ID","ns":"rw_uat_rr_dlr_1.RW_STORAGE_LOCATION_MASTER","background":true},{"v":{"$numberInt":"2"},"key":{"AREA_OFFICE_CODE":{"$numberInt":"-1"}},"name":"AREA_OFFICE_CODE","ns":"rw_uat_rr_dlr_1.RW_STORAGE_LOCATION_MASTER","background":true},{"v":{"$numberInt":"2"},"key":{"PARTY_SALE_TYPE":{"$numberInt":"-1"}},"name":"PARTY_SALE_TYPE","ns":"rw_uat_rr_dlr_1.RW_STORAGE_LOCATION_MASTER","background":true},{"v":{"$numberInt":"2"},"key":{"ORGANIZATION_ID":{"$numberInt":"-1"}},"name":"ORGANIZATION_ID","ns":"rw_uat_rr_dlr_1.RW_STORAGE_LOCATION_MASTER","background":true},{"v":{"$numberInt":"2"},"key":{"ACTIVE_STATUS":{"$numberInt":"-1"}},"name":"ACTIVE_STATUS","ns":"rw_uat_rr_dlr_1.RW_STORAGE_LOCATION_MASTER","background":true}],"uuid":"1fbaccaede0d4860b148f380c6e6ef2d"}