{"options":{},"indexes":[{"v":{"$numberInt":"2"},"key":{"_id":{"$numberInt":"1"}},"name":"_id_","ns":"rw_uat_rr_dlr_1.RW_SALES_ATTENDANCE_LEAVE_APPLY_DATAOBJ"},{"v":{"$numberInt":"2"},"key":{"LEAVE_ID":{"$numberInt":"-1"}},"name":"LEAVE_ID","ns":"rw_uat_rr_dlr_1.RW_SALES_ATTENDANCE_LEAVE_APPLY_DATAOBJ","background":true},{"v":{"$numberInt":"2"},"key":{"LOGIN_USER_ID":{"$numberInt":"-1"}},"name":"LOGIN_USER_ID","ns":"rw_uat_rr_dlr_1.RW_SALES_ATTENDANCE_LEAVE_APPLY_DATAOBJ","background":true},{"v":{"$numberInt":"2"},"key":{"LEAVE_STATUS":{"$numberInt":"-1"}},"name":"LEAVE_STATUS","ns":"rw_uat_rr_dlr_1.RW_SALES_ATTENDANCE_LEAVE_APPLY_DATAOBJ","background":true}],"uuid":"b944059c132b4e3da0ba308515b8697e"}