{"options":{},"indexes":[{"v":{"$numberInt":"2"},"key":{"_id":{"$numberInt":"1"}},"name":"_id_","ns":"rw_uat_rr_dlr_1.RW_SALES_ATTENDANCE_DATA_OBJ"},{"v":{"$numberInt":"2"},"key":{"EMPLOYEE_ID":{"$numberInt":"-1"}},"name":"EMPLOYEE_ID","ns":"rw_uat_rr_dlr_1.RW_SALES_ATTENDANCE_DATA_OBJ","background":true},{"v":{"$numberInt":"2"},"key":{"REPORTING_MANAGER":{"$numberInt":"-1"}},"name":"REPORTING_MANAGER","ns":"rw_uat_rr_dlr_1.RW_SALES_ATTENDANCE_DATA_OBJ","background":true},{"v":{"$numberInt":"2"},"key":{"EMPLOYEE_SALES_OFFICE_CODE":{"$numberInt":"-1"}},"name":"EMPLOYEE_SALES_OFFICE_CODE","ns":"rw_uat_rr_dlr_1.RW_SALES_ATTENDANCE_DATA_OBJ","background":true},{"v":{"$numberInt":"2"},"key":{"CREATED_AT":{"$numberInt":"-1"}},"name":"CREATED_AT","ns":"rw_uat_rr_dlr_1.RW_SALES_ATTENDANCE_DATA_OBJ","background":true},{"v":{"$numberInt":"2"},"key":{"ATTENDANCE_STATUS":{"$numberInt":"-1"}},"name":"ATTENDANCE_STATUS","ns":"rw_uat_rr_dlr_1.RW_SALES_ATTENDANCE_DATA_OBJ","background":true},{"v":{"$numberInt":"2"},"key":{"ATTENDANCE_ID":{"$numberInt":"-1"}},"name":"ATTENDANCE_ID","ns":"rw_uat_rr_dlr_1.RW_SALES_ATTENDANCE_DATA_OBJ","background":true}],"uuid":"5f3d9aeec4b7496189192c2e4fe29b15"}