{"options":{},"indexes":[{"v":{"$numberInt":"2"},"key":{"_id":{"$numberInt":"1"}},"name":"_id_","ns":"rw_uat_rr_dlr_1.RW_TRADING_PARTNERS"},{"v":{"$numberInt":"2"},"key":{"ORGANIZATION_ID":{"$numberInt":"-1"}},"name":"ORGANIZATION_ID","ns":"rw_uat_rr_dlr_1.RW_TRADING_PARTNERS","background":true},{"v":{"$numberInt":"2"},"key":{"TRADING_PARTNER_ORGANIZATION_ID":{"$numberInt":"-1"}},"name":"TRADING_PARTNER_ORGANIZATION_ID","ns":"rw_uat_rr_dlr_1.RW_TRADING_PARTNERS","background":true},{"v":{"$numberInt":"2"},"key":{"TRADING_PARTNER_TYPE":{"$numberInt":"-1"}},"name":"TRADING_PARTNER_TYPE","ns":"rw_uat_rr_dlr_1.RW_TRADING_PARTNERS","background":true}],"uuid":"5950dcc6590e409e86595c005b741724"}