{"options":{},"indexes":[{"v":{"$numberInt":"2"},"key":{"_id":{"$numberInt":"1"}},"name":"_id_","ns":"rw_uat_rr_dlr_1.RW_UOM_CONVERSION_MASTER"},{"v":{"$numberInt":"2"},"key":{"ID":{"$numberInt":"-1"}},"name":"ID","ns":"rw_uat_rr_dlr_1.RW_UOM_CONVERSION_MASTER","background":true},{"v":{"$numberInt":"2"},"key":{"ITEM_ID":{"$numberInt":"-1"}},"name":"ITEM_ID","ns":"rw_uat_rr_dlr_1.RW_UOM_CONVERSION_MASTER","background":true},{"v":{"$numberInt":"2"},"key":{"PRIMARY_UOM_ID":{"$numberInt":"-1"}},"name":"PRIMARY_UOM_ID","ns":"rw_uat_rr_dlr_1.RW_UOM_CONVERSION_MASTER","background":true},{"v":{"$numberInt":"2"},"key":{"SECONDARY_UOM_ID":{"$numberInt":"-1"}},"name":"SECONDARY_UOM_ID","ns":"rw_uat_rr_dlr_1.RW_UOM_CONVERSION_MASTER","background":true},{"v":{"$numberInt":"2"},"key":{"STATUS":{"$numberInt":"-1"}},"name":"STATUS","ns":"rw_uat_rr_dlr_1.RW_UOM_CONVERSION_MASTER","background":true},{"v":{"$numberInt":"2"},"key":{"ORGANIZATION_ID":{"$numberInt":"-1"}},"name":"ORGANIZATION_ID","ns":"rw_uat_rr_dlr_1.RW_UOM_CONVERSION_MASTER","background":true},{"v":{"$numberInt":"2"},"key":{"ORGANIZATION_CODE":{"$numberInt":"-1"}},"name":"ORGANIZATION_CODE","ns":"rw_uat_rr_dlr_1.RW_UOM_CONVERSION_MASTER","background":true}],"uuid":"fa04fdbcf6784fd6bf8598cd8a967bc3"}