{"options":{},"indexes":[{"v":{"$numberInt":"2"},"key":{"_id":{"$numberInt":"1"}},"name":"_id_","ns":"rw_uat_rr_dlr_1.RW_ZONAL_SALES_OFFICE"},{"v":{"$numberInt":"2"},"key":{"ID":{"$numberInt":"-1"}},"name":"ID","ns":"rw_uat_rr_dlr_1.RW_ZONAL_SALES_OFFICE","background":true},{"v":{"$numberInt":"2"},"key":{"ZONAL_CODE":{"$numberInt":"-1"}},"name":"ZONAL_CODE","ns":"rw_uat_rr_dlr_1.RW_ZONAL_SALES_OFFICE","background":true},{"v":{"$numberInt":"2"},"key":{"COMPANY_CODE":{"$numberInt":"-1"}},"name":"COMPANY_CODE","ns":"rw_uat_rr_dlr_1.RW_ZONAL_SALES_OFFICE","background":true},{"v":{"$numberInt":"2"},"key":{"AREA_ID":{"$numberInt":"-1"}},"name":"AREA_ID","ns":"rw_uat_rr_dlr_1.RW_ZONAL_SALES_OFFICE","background":true},{"v":{"$numberInt":"2"},"key":{"DISTRICT_ID":{"$numberInt":"-1"}},"name":"DISTRICT_ID","ns":"rw_uat_rr_dlr_1.RW_ZONAL_SALES_OFFICE","background":true},{"v":{"$numberInt":"2"},"key":{"STATE_ID":{"$numberInt":"-1"}},"name":"STATE_ID","ns":"rw_uat_rr_dlr_1.RW_ZONAL_SALES_OFFICE","background":true},{"v":{"$numberInt":"2"},"key":{"ORGANIZATION_ID":{"$numberInt":"-1"}},"name":"ORGANIZATION_ID","ns":"rw_uat_rr_dlr_1.RW_ZONAL_SALES_OFFICE","background":true},{"v":{"$numberInt":"2"},"key":{"PARTY_SALE_TYPE":{"$numberInt":"-1"}},"name":"PARTY_SALE_TYPE","ns":"rw_uat_rr_dlr_1.RW_ZONAL_SALES_OFFICE","background":true},{"v":{"$numberInt":"2"},"key":{"ACTIVE_STATUS":{"$numberInt":"-1"}},"name":"ACTIVE_STATUS","ns":"rw_uat_rr_dlr_1.RW_ZONAL_SALES_OFFICE","background":true}],"uuid":"702a6238558e4be88b8c8edd0f3d9ab2"}