{"options":{},"indexes":[{"v":{"$numberInt":"2"},"key":{"_id":{"$numberInt":"1"}},"name":"_id_","ns":"rw_uat_rr_dlr_1_ui.APP_CONFIG_PAGES"},{"v":{"$numberInt":"2"},"key":{"applicationId":{"$numberInt":"-1"}},"name":"application_Id","ns":"rw_uat_rr_dlr_1_ui.APP_CONFIG_PAGES","background":true},{"v":{"$numberInt":"2"},"key":{"code":{"$numberInt":"-1"}},"name":"CODE","ns":"rw_uat_rr_dlr_1_ui.APP_CONFIG_PAGES","background":true},{"v":{"$numberInt":"2"},"key":{"version":{"$numberInt":"-1"}},"name":"VERSION","ns":"rw_uat_rr_dlr_1_ui.APP_CONFIG_PAGES","background":true}],"uuid":"0c416ac920c748969a62654b305ac7e9"}